filename,width,height,class,xmin,ymin,xmax,ymax
gate_20.jpg,1216,1936,small_gate,402,99,1461,1012
gate_52.jpg,1216,1936,total_gate,344,335,1237,796
gate_52.jpg,1216,1936,big_gate,350,356,881,794
gate_52.jpg,1216,1936,small_gate,833,343,1227,762
gate_84.jpg,1080,1920,small_gate,546,298,1243,865
gate_116.jpg,1216,1936,big_gate,1138,279,1833,848
gate_148.jpg,1080,1920,small_gate,370,128,736,591
gate_148.jpg,1080,1920,big_gate,705,121,1197,677
gate_23.jpg,1216,1936,small_gate,600,40,1782,1109
gate_55.jpg,1216,1936,small_gate,1136,293,1562,755
gate_55.jpg,1216,1936,big_gate,612,291,1170,794
gate_55.jpg,1216,1936,total_gate,619,301,1564,784
gate_87.jpg,1080,1920,small_gate,135,126,775,809
gate_87.jpg,1080,1920,big_gate,716,122,1439,655
gate_87.jpg,1080,1920,total_gate,142,138,1441,798
gate_119.jpg,1216,1936,small_gate,297,198,1041,951
gate_151.jpg,1080,1920,small_gate,339,156,732,624
gate_151.jpg,1080,1920,big_gate,687,154,1208,735
gate_26.jpg,1216,1936,small_gate,459,61,1635,1079
gate_58.jpg,1216,1936,small_gate,435,226,1425,1049
gate_90.jpg,1080,1920,small_gate,386,154,960,780
gate_90.jpg,1080,1920,big_gate,928,142,1670,710
gate_90.jpg,1080,1920,total_gate,386,152,1672,773
gate_122.jpg,1216,1936,small_gate,540,42,1526,1062
gate_154.jpg,1080,1920,small_gate,319,152,1222,773
gate_61.jpg,1080,1920,total_gate,628,384,1123,635
gate_93.jpg,1080,1920,small_gate,454,233,1028,858
gate_93.jpg,1080,1920,big_gate,990,221,1740,807
gate_93.jpg,1080,1920,total_gate,449,230,1744,856
gate_125.jpg,1216,1936,small_gate,549,125,1600,990
gate_0.jpg,652,1086,total_gate,326,139,772,379
gate_32.jpg,1216,1936,small_gate,671,75,1894,1096
gate_64.jpg,1080,1920,total_gate,639,432,1136,682
gate_96.jpg,1080,1920,small_gate,350,276,971,949
gate_96.jpg,1080,1920,big_gate,919,260,1658,822
gate_96.jpg,1080,1920,total_gate,350,260,1656,944
gate_128.jpg,1216,1936,small_gate,1348,358,1851,850
gate_128.jpg,1216,1936,big_gate,804,384,1390,885
gate_128.jpg,1216,1936,total_gate,798,358,1853,877
gate_3.jpg,1216,1936,small_gate,568,511,905,893
gate_3.jpg,1216,1936,big_gate,879,525,1332,909
gate_3.jpg,1216,1936,total_gate,570,515,1332,905
gate_67.jpg,1080,1920,total_gate,644,443,1145,707
gate_99.jpg,1080,1920,small_gate,207,206,877,913
gate_99.jpg,1080,1920,big_gate,816,190,1611,771
gate_99.jpg,1080,1920,total_gate,205,194,1606,904
gate_131.jpg,1216,1936,small_gate,1101,327,1429,679
gate_131.jpg,1216,1936,big_gate,695,321,1136,691
gate_131.jpg,1216,1936,total_gate,693,329,1433,711
gate_6.jpg,1216,1936,small_gate,431,477,833,917
gate_6.jpg,1216,1936,big_gate,794,469,1324,961
gate_6.jpg,1216,1936,total_gate,429,487,1332,959
gate_70.jpg,1080,1920,small_gate,486,145,1111,814
gate_102.jpg,1080,1920,small_gate,128,251,840,1026
gate_102.jpg,1080,1920,big_gate,784,242,1590,834
gate_102.jpg,1080,1920,total_gate,128,251,1590,1024
gate_134.jpg,1216,1936,small_gate,1364,351,1804,802
gate_134.jpg,1216,1936,big_gate,881,366,1396,802
gate_134.jpg,1216,1936,total_gate,875,343,1808,808
gate_9.jpg,1216,1936,small_gate,172,220,726,824
gate_9.jpg,1216,1936,big_gate,689,220,1412,854
gate_9.jpg,1216,1936,total_gate,170,218,1416,852
gate_73.jpg,1080,1920,small_gate,77,463,757,1080
gate_73.jpg,1080,1920,big_gate,709,445,1509,1035
gate_73.jpg,1080,1920,total_gate,74,443,1511,1080
gate_105.jpg,1080,1920,small_gate,25,230,786,1001
gate_105.jpg,1080,1920,big_gate,738,230,1568,836
gate_105.jpg,1080,1920,total_gate,20,228,1568,1003
gate_137.jpg,1216,1936,big_gate,849,220,1673,887
gate_12.jpg,480,640,total_gate,7,46,640,391
gate_76.jpg,1080,1920,small_gate,2,352,694,1053
gate_76.jpg,1080,1920,big_gate,637,343,1441,913
gate_76.jpg,1080,1920,total_gate,0,346,1444,1044
gate_79.jpg,1080,1920,small_gate,336,411,953,1080
gate_79.jpg,1080,1920,big_gate,897,375,1699,972
gate_79.jpg,1080,1920,total_gate,334,377,1697,1080
gate_111.jpg,1080,1920,small_gate,85,413,816,1080
gate_111.jpg,1080,1920,big_gate,761,373,1600,996
gate_111.jpg,1080,1920,total_gate,85,371,1599,1080
gate_50.jpg,480,640,total_gate,23,146,585,431
gate_82.jpg,1080,1920,small_gate,257,327,890,1019
gate_82.jpg,1080,1920,big_gate,824,296,1556,856
gate_82.jpg,1080,1920,total_gate,257,301,1557,1080
gate_114.jpg,1080,1920,small_gate,22,389,829,1080
gate_114.jpg,1080,1920,big_gate,770,382,1701,1080
gate_114.jpg,1080,1920,total_gate,27,398,1701,1080
gate_146.jpg,1080,1920,small_gate,388,110,745,553
gate_146.jpg,1080,1920,big_gate,721,108,1193,651
gate_146.jpg,1080,1920,total_gate,388,101,1198,659
gate_53.jpg,1216,1936,small_gate,875,325,1291,772
gate_53.jpg,1216,1936,big_gate,310,323,903,818
gate_53.jpg,1216,1936,total_gate,310,321,1289,820
gate_85.jpg,1080,1920,small_gate,539,181,1242,686
gate_117.jpg,1216,1936,small_gate,954,301,1439,830
gate_117.jpg,1216,1936,big_gate,316,303,1000,856
gate_117.jpg,1216,1936,total_gate,318,303,1443,854
gate_149.jpg,1080,1920,small_gate,361,144,749,610
gate_149.jpg,1080,1920,big_gate,699,144,1210,710
gate_149.jpg,1080,1920,total_gate,359,144,1214,714
gate_56.jpg,1216,1936,small_gate,1235,279,1707,774
gate_56.jpg,1216,1936,big_gate,655,285,1267,812
gate_56.jpg,1216,1936,total_gate,655,283,1705,806
gate_88.jpg,1080,1920,small_gate,285,147,881,789
gate_88.jpg,1080,1920,big_gate,836,142,1570,673
gate_88.jpg,1080,1920,total_gate,285,145,1570,789
gate_152.jpg,1080,1920,small_gate,336,162,733,635
gate_152.jpg,1080,1920,big_gate,689,140,1217,739
gate_152.jpg,1080,1920,total_gate,335,140,1219,742
gate_91.jpg,1080,1920,small_gate,438,197,1012,809
gate_91.jpg,1080,1920,big_gate,971,205,1728,762
gate_91.jpg,1080,1920,total_gate,436,197,1728,806
gate_62.jpg,1080,1920,total_gate,644,413,1132,657
gate_94.jpg,1080,1920,small_gate,476,257,1053,875
gate_94.jpg,1080,1920,big_gate,1010,244,1764,809
gate_94.jpg,1080,1920,total_gate,479,257,1764,874
gate_1.jpg,1080,1920,small_gate,431,85,1256,969
gate_65.jpg,1080,1920,total_gate,653,456,1143,694
gate_97.jpg,1080,1920,small_gate,271,282,915,949
gate_97.jpg,1080,1920,big_gate,860,266,1602,822
gate_97.jpg,1080,1920,total_gate,269,271,1604,951
gate_129.jpg,1216,1936,small_gate,1307,364,1721,778
gate_129.jpg,1216,1936,big_gate,839,360,1330,800
gate_129.jpg,1216,1936,total_gate,839,364,1717,800
gate_4.jpg,480,640,total_gate,0,42,622,398
gate_36.jpg,1216,1936,small_gate,0,71,786,1018
gate_36.jpg,1216,1936,big_gate,728,69,1936,1109
gate_36.jpg,1216,1936,total_gate,0,71,1936,1111
gate_68.jpg,1080,1920,total_gate,641,463,1127,734
gate_100.jpg,1080,1920,small_gate,171,205,861,929
gate_100.jpg,1080,1920,big_gate,806,192,1593,770
gate_100.jpg,1080,1920,total_gate,172,197,1597,924
gate_132.jpg,1216,1936,small_gate,1412,454,1818,852
gate_132.jpg,1216,1936,big_gate,968,457,1431,852
gate_132.jpg,1216,1936,total_gate,966,454,1818,852
gate_7.jpg,1216,1936,small_gate,364,293,792,759
gate_7.jpg,1216,1936,big_gate,772,295,1332,820
gate_7.jpg,1216,1936,total_gate,362,293,1332,820
gate_71.jpg,1080,1920,small_gate,459,319,1066,967
gate_71.jpg,1080,1920,big_gate,1030,316,1920,1001
gate_71.jpg,1080,1920,total_gate,456,316,1920,1001
gate_103.jpg,1080,1920,small_gate,79,206,820,989
gate_103.jpg,1080,1920,big_gate,764,205,1577,847
gate_103.jpg,1080,1920,total_gate,77,205,1577,992
gate_74.jpg,1080,1920,small_gate,0,449,673,1080
gate_74.jpg,1080,1920,big_gate,621,427,1423,1003
gate_74.jpg,1080,1920,total_gate,0,425,1426,1080
gate_106.jpg,1080,1920,small_gate,0,402,745,1080
gate_106.jpg,1080,1920,big_gate,693,398,1504,989
gate_106.jpg,1080,1920,total_gate,0,396,1505,1080
gate_48.jpg,480,640,total_gate,0,164,560,438
gate_13.jpg,1216,1936,small_gate,831,384,1150,725
gate_13.jpg,1216,1936,big_gate,406,380,855,747
gate_13.jpg,1216,1936,total_gate,404,382,1152,747
gate_45.jpg,1216,1936,small_gate,0,103,772,998
gate_45.jpg,1216,1936,big_gate,724,101,1859,1065
gate_45.jpg,1216,1936,total_gate,0,105,1857,1062
gate_80.jpg,1080,1920,small_gate,392,311,1006,988
gate_80.jpg,1080,1920,big_gate,945,235,1740,827
gate_80.jpg,1080,1920,total_gate,390,227,1741,988
gate_77.jpg,1080,1920,small_gate,0,391,669,1080
gate_77.jpg,1080,1920,big_gate,632,386,1412,951
gate_77.jpg,1080,1920,total_gate,0,386,1412,1080
gate_112.jpg,1080,1920,big_gate,758,436,1622,1065
gate_112.jpg,1080,1920,small_gate,67,442,819,1080
gate_112.jpg,1080,1920,total_gate,67,429,1624,1080
gate_109.jpg,1080,1920,small_gate,20,398,738,1080
gate_109.jpg,1080,1920,big_gate,673,337,1462,919
gate_109.jpg,1080,1920,total_gate,20,337,1464,1080
gate_86.jpg,1080,1920,small_gate,0,140,637,832
gate_86.jpg,1080,1920,big_gate,590,144,1297,658
gate_86.jpg,1080,1920,total_gate,0,142,1297,832
gate_150.jpg,1080,1920,small_gate,343,146,731,623
gate_150.jpg,1080,1920,big_gate,688,143,1201,724
gate_150.jpg,1080,1920,total_gate,341,146,1204,727
gate_144.jpg,1080,1920,small_gate,403,91,755,506
gate_144.jpg,1080,1920,big_gate,727,74,1206,605
gate_144.jpg,1080,1920,total_gate,402,74,1204,604
gate_57.jpg,1216,1936,small_gate,1330,279,1936,917
gate_57.jpg,1216,1936,big_gate,580,281,1362,941
gate_57.jpg,1216,1936,total_gate,578,279,1936,943
gate_89.jpg,1080,1920,small_gate,316,136,910,800
gate_89.jpg,1080,1920,big_gate,867,131,1597,660
gate_89.jpg,1080,1920,total_gate,316,127,1599,800
gate_51.jpg,1216,1936,small_gate,831,379,1191,737
gate_51.jpg,1216,1936,big_gate,352,366,858,777
gate_51.jpg,1216,1936,total_gate,351,366,1191,777
gate_153.jpg,1080,1920,small_gate,333,148,726,644
gate_153.jpg,1080,1920,big_gate,686,148,1221,752
gate_153.jpg,1080,1920,total_gate,333,147,1223,756
gate_60.jpg,1080,1920,total_gate,630,370,1109,614
gate_83.jpg,1080,1920,small_gate,146,353,781,1013
gate_83.jpg,1080,1920,big_gate,747,350,1445,874
gate_83.jpg,1080,1920,total_gate,147,350,1445,1010
gate_92.jpg,1080,1920,small_gate,463,222,1032,836
gate_92.jpg,1080,1920,big_gate,998,221,1744,791
gate_92.jpg,1080,1920,total_gate,463,219,1744,840
gate_63.jpg,1080,1920,total_gate,643,430,1127,675
gate_115.jpg,1080,1920,small_gate,990,479,1300,799
gate_115.jpg,1080,1920,big_gate,588,475,1015,822
gate_115.jpg,1080,1920,total_gate,587,476,1300,822
gate_95.jpg,1080,1920,small_gate,440,305,1023,960
gate_95.jpg,1080,1920,big_gate,978,291,1721,856
gate_95.jpg,1080,1920,total_gate,440,291,1722,965
gate_147.jpg,1080,1920,small_gate,376,131,738,578
gate_147.jpg,1080,1920,big_gate,705,122,1200,623
gate_147.jpg,1080,1920,total_gate,375,122,1200,627
gate_127.jpg,1216,1936,small_gate,1346,190,1899,747
gate_127.jpg,1216,1936,big_gate,713,216,1376,796
gate_127.jpg,1216,1936,total_gate,709,186,1899,798
gate_130.jpg,1216,1936,small_gate,1226,391,1688,758
gate_66.jpg,1080,1920,total_gate,659,451,1138,709
gate_5.jpg,1216,1936,small_gate,516,531,860,919
gate_5.jpg,1216,1936,big_gate,836,529,1332,955
gate_5.jpg,1216,1936,total_gate,507,528,1330,968
gate_98.jpg,1080,1920,small_gate,239,239,881,929
gate_98.jpg,1080,1920,big_gate,843,230,1602,806
gate_98.jpg,1080,1920,total_gate,239,230,1602,929
gate_69.jpg,1080,1920,total_gate,637,451,1124,720
gate_40.jpg,1216,1936,small_gate,0,85,819,1024
gate_40.jpg,1216,1936,big_gate,770,85,1936,1093
gate_40.jpg,1216,1936,total_gate,0,85,1936,1095
gate_72.jpg,1080,1920,small_gate,312,404,938,1080
gate_72.jpg,1080,1920,big_gate,895,398,1719,1023
gate_72.jpg,1080,1920,total_gate,311,396,1722,1080
gate_101.jpg,1080,1920,small_gate,143,202,856,949
gate_101.jpg,1080,1920,big_gate,794,200,1592,777
gate_101.jpg,1080,1920,total_gate,141,200,1593,945
gate_104.jpg,1080,1920,small_gate,29,188,788,951
gate_104.jpg,1080,1920,big_gate,743,197,1565,798
gate_104.jpg,1080,1920,total_gate,29,196,1566,951
gate_11.jpg,480,640,small_gate,0,38,629,390
gate_133.jpg,1216,1936,big_gate,913,383,1397,761
gate_133.jpg,1216,1936,small_gate,1368,367,1770,775
gate_133.jpg,1216,1936,total_gate,910,366,1772,777
gate_75.jpg,1080,1920,small_gate,0,436,664,1080
gate_75.jpg,1080,1920,big_gate,612,409,1416,985
gate_75.jpg,1080,1920,total_gate,0,407,1416,1080
gate_8.jpg,1216,1936,big_gate,725,349,1370,910
gate_8.jpg,1216,1936,small_gate,278,353,759,887
gate_8.jpg,1216,1936,total_gate,277,351,1373,911
gate_49.jpg,480,640,small_gate,23,147,581,445
gate_81.jpg,1080,1920,small_gate,321,291,942,987
gate_81.jpg,1080,1920,big_gate,888,267,1631,831
gate_81.jpg,1080,1920,total_gate,321,269,1633,994
gate_46.jpg,1216,1936,small_gate,2,98,793,983
gate_46.jpg,1216,1936,big_gate,743,106,1878,1068
gate_46.jpg,1216,1936,total_gate,0,101,1879,1067
gate_113.jpg,1080,1920,small_gate,77,411,838,1080
gate_113.jpg,1080,1920,big_gate,784,402,1690,1080
gate_113.jpg,1080,1920,total_gate,76,400,1690,1080
gate_145.jpg,1080,1920,small_gate,390,95,751,538
gate_145.jpg,1080,1920,big_gate,719,95,1204,635
gate_145.jpg,1080,1920,total_gate,393,95,1208,638
gate_78.jpg,1080,1920,big_gate,690,385,1470,951
gate_78.jpg,1080,1920,small_gate,89,370,734,1067
gate_78.jpg,1080,1920,total_gate,87,370,1471,1080
gate_372.jpg,1080,1920,small_gate,944,296,1238,684
gate_372.jpg,1080,1920,big_gate,1218,242,1828,691
gate_372.jpg,1080,1920,total_gate,942,242,1832,685
gate_110.jpg,1080,1920,big_gate,745,357,1568,952
gate_110.jpg,1080,1920,small_gate,98,381,805,1080
gate_110.jpg,1080,1920,total_gate,94,353,1570,1080
gate_436.jpg,1080,1920,small_gate,1223,91,1500,510
gate_436.jpg,1080,1920,big_gate,749,61,1246,565
gate_436.jpg,1080,1920,total_gate,749,59,1499,566
gate_404.jpg,1080,1920,small_gate,1150,212,1391,553
gate_404.jpg,1080,1920,big_gate,917,249,1170,565
gate_404.jpg,1080,1920,total_gate,917,212,1392,565
gate_340.jpg,1080,1920,small_gate,431,0,910,786
gate_340.jpg,1080,1920,big_gate,876,61,1238,648
gate_340.jpg,1080,1920,total_gate,429,5,1240,786
gate_468.jpg,1080,1920,small_gate,842,346,905,708
gate_468.jpg,1080,1920,big_gate,877,212,994,756
gate_468.jpg,1080,1920,total_gate,841,210,996,761
gate_375.jpg,1080,1920,small_gate,816,235,1142,661
gate_375.jpg,1080,1920,big_gate,1120,176,1770,667
gate_375.jpg,1080,1920,total_gate,817,172,1769,664
gate_180.jpg,1080,1920,small_gate,638,144,994,542
gate_180.jpg,1080,1920,big_gate,964,152,965,153
gate_180.jpg,1080,1920,big_gate,967,155,1475,648
gate_180.jpg,1080,1920,total_gate,638,154,1476,660
gate_212.jpg,1080,1920,big_gate,859,205,1565,777
gate_407.jpg,1080,1920,small_gate,1104,190,1340,537
gate_407.jpg,1080,1920,big_gate,868,229,1122,540
gate_407.jpg,1080,1920,total_gate,867,190,1340,542
gate_276.jpg,1080,1920,small_gate,830,465,1012,699
gate_276.jpg,1080,1920,big_gate,1000,463,1302,699
gate_276.jpg,1080,1920,total_gate,830,463,1301,700
gate_308.jpg,1080,1920,small_gate,665,413,854,649
gate_308.jpg,1080,1920,big_gate,840,411,1109,640
gate_308.jpg,1080,1920,total_gate,664,411,1109,650
gate_439.jpg,1080,1920,small_gate,1255,38,1583,529
gate_439.jpg,1080,1920,big_gate,705,17,1283,581
gate_439.jpg,1080,1920,total_gate,704,0,1584,582
gate_183.jpg,1080,1920,small_gate,642,183,990,552
gate_183.jpg,1080,1920,big_gate,969,194,1451,657
gate_183.jpg,1080,1920,total_gate,642,192,1452,653
gate_247.jpg,1080,1920,small_gate,1174,222,1268,532
gate_247.jpg,1080,1920,big_gate,1255,102,1459,516
gate_247.jpg,1080,1920,total_gate,1174,100,1461,534
gate_279.jpg,1080,1920,small_gate,798,436,990,672
gate_279.jpg,1080,1920,big_gate,973,430,1282,673
gate_279.jpg,1080,1920,total_gate,798,431,1282,672
gate_215.jpg,1080,1920,small_gate,818,480,953,682
gate_215.jpg,1080,1920,big_gate,943,461,1180,672
gate_215.jpg,1080,1920,total_gate,817,461,1181,688
gate_186.jpg,1080,1920,small_gate,905,529,1307,958
gate_186.jpg,1080,1920,big_gate,328,531,927,1026
gate_186.jpg,1080,1920,total_gate,327,528,1307,1027
gate_311.jpg,1080,1920,small_gate,661,335,879,595
gate_311.jpg,1080,1920,big_gate,856,342,1139,588
gate_311.jpg,1080,1920,total_gate,663,334,1141,594
gate_250.jpg,1080,1920,small_gate,810,429,996,681
gate_250.jpg,1080,1920,big_gate,980,421,1253,669
gate_250.jpg,1080,1920,total_gate,811,421,1254,681
gate_343.jpg,1080,1920,total_gate,390,0,1280,782
gate_282.jpg,1080,1920,small_gate,1155,345,1294,605
gate_282.jpg,1080,1920,big_gate,908,297,1168,592
gate_282.jpg,1080,1920,total_gate,908,297,1294,607
gate_314.jpg,1080,1920,total_gate,844,213,962,607
gate_346.jpg,1080,1920,small_gate,1123,402,1327,665
gate_346.jpg,1080,1920,big_gate,897,420,1134,666
gate_346.jpg,1080,1920,total_gate,898,402,1328,670
gate_378.jpg,1080,1920,small_gate,718,192,1110,695
gate_378.jpg,1080,1920,big_gate,1086,113,1877,723
gate_378.jpg,1080,1920,total_gate,714,112,1878,712
gate_381.jpg,1080,1920,small_gate,623,83,1093,687
gate_410.jpg,1080,1920,small_gate,1158,119,1434,516
gate_410.jpg,1080,1920,big_gate,898,165,1181,518
gate_410.jpg,1080,1920,total_gate,898,119,1436,517
gate_413.jpg,1080,1920,small_gate,1118,102,1417,540
gate_413.jpg,1080,1920,big_gate,840,153,1139,523
gate_413.jpg,1080,1920,total_gate,839,103,1418,541
gate_442.jpg,1080,1920,small_gate,655,355,873,623
gate_442.jpg,1080,1920,big_gate,853,357,1150,614
gate_445.jpg,1080,1920,small_gate,593,437,845,726
gate_445.jpg,1080,1920,big_gate,821,442,1137,720
gate_445.jpg,1080,1920,total_gate,593,443,1137,727
gate_285.jpg,1080,1920,big_gate,905,277,1182,594
gate_285.jpg,1080,1920,small_gate,1167,318,1313,600
gate_285.jpg,1080,1920,total_gate,905,279,1309,594
gate_317.jpg,1080,1920,small_gate,723,316,779,623
gate_317.jpg,1080,1920,big_gate,749,200,857,623
gate_317.jpg,1080,1920,total_gate,727,199,857,629
gate_477.jpg,1080,1920,small_gate,1013,321,1221,605
gate_477.jpg,1080,1920,big_gate,771,337,1028,602
gate_477.jpg,1080,1920,total_gate,770,321,1221,604
gate_349.jpg,1080,1920,small_gate,1025,333,1230,618
gate_349.jpg,1080,1920,big_gate,788,355,1043,614
gate_349.jpg,1080,1920,total_gate,787,333,1231,617
gate_157.jpg,1080,1920,small_gate,339,190,736,682
gate_157.jpg,1080,1920,big_gate,702,192,1260,818
gate_157.jpg,1080,1920,total_gate,343,190,1263,809
gate_189.jpg,1080,1920,small_gate,953,407,1509,999
gate_189.jpg,1080,1920,big_gate,146,411,985,1080
gate_189.jpg,1080,1920,total_gate,146,405,1509,1080
gate_221.jpg,1080,1920,total_gate,1173,108,1455,537
gate_480.jpg,1080,1920,small_gate,981,291,1213,601
gate_480.jpg,1080,1920,big_gate,723,311,997,607
gate_480.jpg,1080,1920,total_gate,723,291,1213,607
gate_160.jpg,1080,1920,small_gate,354,194,750,701
gate_160.jpg,1080,1920,big_gate,719,183,1301,836
gate_160.jpg,1080,1920,total_gate,353,183,1301,832
gate_224.jpg,1080,1920,small_gate,806,408,993,654
gate_224.jpg,1080,1920,big_gate,980,396,1251,648
gate_224.jpg,1080,1920,total_gate,805,394,1251,657
gate_256.jpg,480,640,small_gate,74,43,313,368
gate_256.jpg,480,640,big_gate,298,54,521,370
gate_256.jpg,480,640,total_gate,74,43,522,371
gate_320.jpg,1080,1920,small_gate,954,159,1210,711
gate_320.jpg,1080,1920,big_gate,793,255,976,702
gate_320.jpg,1080,1920,total_gate,794,159,1210,714
gate_227.jpg,480,640,small_gate,202,216,346,397
gate_227.jpg,480,640,big_gate,38,213,215,413
gate_227.jpg,480,640,total_gate,38,211,346,413
gate_259.jpg,1080,1920,small_gate,749,485,940,725
gate_259.jpg,1080,1920,big_gate,926,486,1215,720
gate_259.jpg,1080,1920,total_gate,747,485,1215,722
gate_323.jpg,1080,1920,small_gate,981,121,1295,815
gate_323.jpg,1080,1920,big_gate,787,220,1013,735
gate_323.jpg,1080,1920,total_gate,785,120,1299,818
gate_390.jpg,1080,1920,small_gate,1082,152,1260,542
gate_390.jpg,1080,1920,big_gate,725,48,1107,545
gate_390.jpg,1080,1920,total_gate,723,47,1260,538
gate_422.jpg,1080,1920,small_gate,970,358,1125,592
gate_422.jpg,1080,1920,big_gate,717,336,989,607
gate_422.jpg,1080,1920,total_gate,717,336,1126,606
gate_454.jpg,1080,1920,small_gate,544,289,871,693
gate_454.jpg,1080,1920,big_gate,849,299,1288,661
gate_454.jpg,1080,1920,total_gate,540,289,1290,694
gate_486.jpg,1080,1920,small_gate,962,181,1257,600
gate_486.jpg,1080,1920,big_gate,642,224,982,612
gate_486.jpg,1080,1920,total_gate,642,180,1258,616
gate_166.jpg,1080,1920,small_gate,336,210,759,728
gate_166.jpg,1080,1920,big_gate,716,185,1333,875
gate_166.jpg,1080,1920,total_gate,336,181,1335,877
gate_198.jpg,480,640,small_gate,253,207,380,376
gate_198.jpg,480,640,big_gate,109,205,265,378
gate_198.jpg,480,640,total_gate,108,206,380,378
gate_384.jpg,1080,1920,big_gate,899,215,1195,564
gate_384.jpg,1080,1920,small_gate,1175,263,1335,575
gate_384.jpg,1080,1920,total_gate,901,220,1341,577
gate_416.jpg,1080,1920,small_gate,1094,87,1428,589
gate_416.jpg,1080,1920,big_gate,798,156,1098,546
gate_416.jpg,1080,1920,total_gate,800,91,1428,591
gate_448.jpg,1080,1920,small_gate,598,396,865,726
gate_448.jpg,1080,1920,big_gate,848,406,1205,704
gate_448.jpg,1080,1920,total_gate,596,393,1213,728
gate_387.jpg,1080,1920,small_gate,1017,209,1192,613
gate_387.jpg,1080,1920,big_gate,696,109,1050,526
gate_387.jpg,1080,1920,total_gate,696,111,1196,617
gate_419.jpg,1080,1920,small_gate,1154,0,1598,643
gate_419.jpg,1080,1920,big_gate,813,85,1187,539
gate_419.jpg,1080,1920,total_gate,815,0,1604,647
gate_451.jpg,1080,1920,small_gate,588,345,878,711
gate_451.jpg,1080,1920,big_gate,854,355,1255,685
gate_451.jpg,1080,1920,total_gate,587,346,1257,710
gate_483.jpg,1080,1920,small_gate,965,205,1223,563
gate_483.jpg,1080,1920,big_gate,673,245,982,583
gate_483.jpg,1080,1920,total_gate,672,205,1224,584
gate_163.jpg,1080,1920,small_gate,347,203,820,700
gate_163.jpg,1080,1920,big_gate,722,185,1320,857
gate_163.jpg,1080,1920,total_gate,343,187,1322,866
gate_201.jpg,1080,1920,big_gate,733,204,1320,694
gate_201.jpg,1080,1920,small_gate,1286,176,1787,666
gate_201.jpg,1080,1920,total_gate,735,176,1787,694
gate_233.jpg,480,640,small_gate,232,259,411,480
gate_233.jpg,480,640,big_gate,59,266,247,480
gate_233.jpg,480,640,total_gate,59,257,413,480
gate_265.jpg,1080,1920,small_gate,909,169,1109,671
gate_265.jpg,1080,1920,big_gate,757,257,931,671
gate_265.jpg,1080,1920,total_gate,755,169,1111,676
gate_326.jpg,1080,1920,small_gate,591,105,926,738
gate_326.jpg,1080,1920,big_gate,900,186,1203,636
gate_326.jpg,1080,1920,total_gate,591,104,1203,740
gate_393.jpg,1080,1920,small_gate,1200,65,1400,538
gate_425.jpg,1080,1920,small_gate,938,353,1104,606
gate_425.jpg,1080,1920,big_gate,650,327,952,622
gate_425.jpg,1080,1920,total_gate,650,327,1104,623
gate_457.jpg,1080,1920,small_gate,488,244,865,702
gate_457.jpg,1080,1920,big_gate,840,255,1347,656
gate_457.jpg,1080,1920,total_gate,488,244,1346,702
gate_489.jpg,1080,1920,small_gate,983,190,1337,677
gate_489.jpg,1080,1920,big_gate,629,244,1006,673
gate_489.jpg,1080,1920,total_gate,629,191,1338,679
gate_169.jpg,1080,1920,small_gate,329,206,752,741
gate_169.jpg,1080,1920,big_gate,709,187,1340,886
gate_169.jpg,1080,1920,total_gate,330,185,1340,886
gate_428.jpg,1080,1920,small_gate,931,230,1135,502
gate_428.jpg,1080,1920,big_gate,604,223,963,563
gate_428.jpg,1080,1920,total_gate,603,224,1136,564
gate_460.jpg,1080,1920,small_gate,352,209,810,751
gate_460.jpg,1080,1920,big_gate,786,229,1361,697
gate_460.jpg,1080,1920,total_gate,350,229,1362,752
gate_492.jpg,1080,1920,small_gate,974,193,1409,785
gate_492.jpg,1080,1920,big_gate,576,261,996,757
gate_492.jpg,1080,1920,total_gate,578,192,1411,785
gate_172.jpg,1080,1920,small_gate,319,203,749,746
gate_172.jpg,1080,1920,big_gate,705,158,1360,875
gate_172.jpg,1080,1920,total_gate,319,155,1360,875
gate_204.jpg,1080,1920,small_gate,1391,306,1740,663
gate_204.jpg,1080,1920,big_gate,1012,304,1414,660
gate_204.jpg,1080,1920,total_gate,1010,303,1739,663
gate_268.jpg,1080,1920,small_gate,639,153,940,729
gate_268.jpg,1080,1920,big_gate,920,213,1205,639
gate_268.jpg,1080,1920,total_gate,638,153,1207,729
gate_300.jpg,1080,1920,small_gate,1282,68,1590,459
gate_300.jpg,1080,1920,big_gate,1011,137,1302,507
gate_300.jpg,1080,1920,total_gate,1010,67,1590,507
gate_332.jpg,1080,1920,small_gate,541,53,917,760
gate_332.jpg,1080,1920,big_gate,894,145,1218,637
gate_332.jpg,1080,1920,total_gate,541,53,1218,760
gate_364.jpg,1080,1920,small_gate,821,366,1035,640
gate_364.jpg,1080,1920,big_gate,1023,353,1390,639
gate_364.jpg,1080,1920,total_gate,820,353,1390,641
gate_399.jpg,1080,1920,small_gate,1154,159,1409,504
gate_399.jpg,1080,1920,big_gate,897,192,1178,476
gate_399.jpg,1080,1920,total_gate,897,159,1410,504
gate_431.jpg,1080,1920,small_gate,1196,145,1423,462
gate_431.jpg,1080,1920,big_gate,836,148,1216,521
gate_431.jpg,1080,1920,total_gate,836,145,1423,522
gate_463.jpg,1080,1920,small_gate,67,52,732,807
gate_463.jpg,1080,1920,big_gate,702,126,1414,730
gate_463.jpg,1080,1920,total_gate,65,50,1416,807
gate_495.jpg,1080,1920,small_gate,990,83,1564,837
gate_495.jpg,1080,1920,big_gate,538,185,1021,784
gate_495.jpg,1080,1920,total_gate,536,83,1565,840
gate_175.jpg,1080,1920,small_gate,291,198,736,757
gate_175.jpg,1080,1920,big_gate,689,151,1366,877
gate_175.jpg,1080,1920,total_gate,290,147,1367,876
gate_207.jpg,1080,1920,small_gate,1332,305,1674,646
gate_207.jpg,1080,1920,big_gate,952,315,1357,640
gate_207.jpg,1080,1920,total_gate,951,303,1676,648
gate_239.jpg,480,640,small_gate,244,281,387,480
gate_239.jpg,480,640,big_gate,83,263,256,469
gate_239.jpg,480,640,total_gate,83,264,387,480
gate_303.jpg,1080,1920,small_gate,983,454,1118,655
gate_303.jpg,1080,1920,big_gate,767,439,997,666
gate_303.jpg,1080,1920,total_gate,767,439,1118,667
gate_335.jpg,1080,1920,small_gate,508,20,913,778
gate_335.jpg,1080,1920,big_gate,887,132,1223,644
gate_335.jpg,1080,1920,total_gate,507,19,1224,780
gate_367.jpg,1080,1920,small_gate,1009,318,1255,628
gate_367.jpg,1080,1920,big_gate,1237,292,1723,644
gate_367.jpg,1080,1920,total_gate,1009,292,1723,645
gate_402.jpg,1080,1920,small_gate,1098,264,1324,579
gate_402.jpg,1080,1920,big_gate,869,302,1115,591
gate_402.jpg,1080,1920,total_gate,869,264,1324,592
gate_434.jpg,1080,1920,small_gate,1183,141,1423,494
gate_434.jpg,1080,1920,big_gate,774,125,1205,550
gate_434.jpg,1080,1920,total_gate,773,125,1423,553
gate_466.jpg,1080,1920,total_gate,734,242,893,690
gate_178.jpg,1080,1920,small_gate,296,2,767,579
gate_178.jpg,1080,1920,big_gate,719,0,1439,712
gate_178.jpg,1080,1920,total_gate,297,0,1441,712
gate_306.jpg,1080,1920,small_gate,986,392,1126,612
gate_306.jpg,1080,1920,big_gate,752,376,1000,622
gate_306.jpg,1080,1920,total_gate,751,375,1126,622
gate_370.jpg,1080,1920,small_gate,984,356,1256,704
gate_370.jpg,1080,1920,big_gate,1242,316,1826,727
gate_370.jpg,1080,1920,total_gate,982,316,1827,728
gate_297.jpg,1080,1920,small_gate,1221,303,1519,678
gate_297.jpg,1080,1920,big_gate,929,327,1247,619
gate_297.jpg,1080,1920,total_gate,928,303,1520,678
gate_373.jpg,1080,1920,small_gate,830,272,1128,659
gate_373.jpg,1080,1920,big_gate,1111,226,1680,657
gate_373.jpg,1080,1920,total_gate,829,226,1680,658
gate_405.jpg,1080,1920,small_gate,1201,151,1447,496
gate_405.jpg,1080,1920,big_gate,963,198,1217,508
gate_405.jpg,1080,1920,total_gate,963,151,1447,509
gate_437.jpg,1080,1920,small_gate,1228,89,1517,521
gate_437.jpg,1080,1920,big_gate,731,50,1250,573
gate_437.jpg,1080,1920,total_gate,730,50,1517,574
gate_408.jpg,1080,1920,small_gate,1116,208,1360,558
gate_408.jpg,1080,1920,big_gate,877,244,1133,558
gate_408.jpg,1080,1920,total_gate,877,206,1361,559
gate_329.jpg,1080,1920,small_gate,570,82,924,748
gate_329.jpg,1080,1920,big_gate,902,165,1214,639
gate_329.jpg,1080,1920,total_gate,570,77,1214,747
gate_440.jpg,1080,1920,small_gate,1255,35,1598,545
gate_440.jpg,1080,1920,big_gate,650,0,1279,602
gate_440.jpg,1080,1920,total_gate,650,0,1598,603
gate_472.jpg,1080,1920,small_gate,1003,95,1345,839
gate_472.jpg,1080,1920,big_gate,790,228,1029,740
gate_472.jpg,1080,1920,total_gate,787,95,1345,841
gate_361.jpg,1080,1920,small_gate,806,378,1008,629
gate_361.jpg,1080,1920,big_gate,995,369,1325,632
gate_361.jpg,1080,1920,total_gate,804,370,1326,631
gate_184.jpg,1080,1920,small_gate,653,123,1002,525
gate_184.jpg,1080,1920,big_gate,982,113,1466,624
gate_184.jpg,1080,1920,total_gate,653,113,1468,625
gate_216.jpg,1080,1920,small_gate,819,477,952,676
gate_216.jpg,1080,1920,big_gate,942,459,1181,668
gate_216.jpg,1080,1920,total_gate,819,458,1181,676
gate_248.jpg,1080,1920,small_gate,809,420,994,668
gate_248.jpg,1080,1920,big_gate,978,415,1250,628
gate_248.jpg,1080,1920,total_gate,808,414,1251,668
gate_280.jpg,1080,1920,small_gate,799,422,992,664
gate_280.jpg,1080,1920,big_gate,978,417,1292,664
gate_280.jpg,1080,1920,total_gate,799,416,1293,665
gate_396.jpg,1080,1920,small_gate,1117,119,1376,480
gate_396.jpg,1080,1920,big_gate,850,144,1146,445
gate_396.jpg,1080,1920,total_gate,850,111,1378,482
gate_344.jpg,1080,1920,small_gate,1185,453,1411,713
gate_344.jpg,1080,1920,big_gate,964,467,1203,721
gate_344.jpg,1080,1920,total_gate,964,453,1411,722
gate_379.jpg,1080,1920,small_gate,680,147,1095,691
gate_379.jpg,1080,1920,big_gate,1068,47,1913,709
gate_379.jpg,1080,1920,total_gate,680,47,1914,710
gate_181.jpg,1080,1920,small_gate,647,179,1000,571
gate_181.jpg,1080,1920,big_gate,979,168,1475,705
gate_181.jpg,1080,1920,total_gate,646,168,1476,704
gate_411.jpg,1080,1920,small_gate,1149,104,1434,512
gate_411.jpg,1080,1920,big_gate,887,158,1169,507
gate_411.jpg,1080,1920,total_gate,888,104,1435,512
gate_443.jpg,1080,1920,small_gate,616,378,840,648
gate_443.jpg,1080,1920,big_gate,827,383,1124,636
gate_443.jpg,1080,1920,total_gate,616,378,1124,650
gate_475.jpg,1080,1920,total_gate,805,0,1552,969
gate_155.jpg,1080,1920,small_gate,331,200,720,674
gate_155.jpg,1080,1920,big_gate,688,188,1231,778
gate_155.jpg,1080,1920,total_gate,330,187,1232,778
gate_187.jpg,1080,1920,small_gate,972,454,1410,923
gate_187.jpg,1080,1920,big_gate,367,455,995,981
gate_187.jpg,1080,1920,total_gate,364,454,1410,982
gate_219.jpg,1080,1920,small_gate,1184,226,1276,541
gate_219.jpg,1080,1920,big_gate,1260,120,1464,526
gate_219.jpg,1080,1920,total_gate,1184,115,1465,545
gate_283.jpg,1080,1920,small_gate,1177,337,1315,605
gate_283.jpg,1080,1920,big_gate,923,300,1189,588
gate_283.jpg,1080,1920,total_gate,921,297,1315,607
gate_315.jpg,1080,1920,total_gate,819,207,951,612
gate_347.jpg,1080,1920,small_gate,1094,374,1296,637
gate_347.jpg,1080,1920,big_gate,866,389,1104,631
gate_347.jpg,1080,1920,total_gate,865,373,1297,637
gate_382.jpg,1080,1920,small_gate,594,54,1095,692
gate_245.jpg,1080,1920,small_gate,1174,225,1265,532
gate_245.jpg,1080,1920,big_gate,1251,108,1454,519
gate_245.jpg,1080,1920,total_gate,1173,107,1453,531
gate_414.jpg,1080,1920,small_gate,1111,87,1427,544
gate_414.jpg,1080,1920,big_gate,831,144,1137,525
gate_414.jpg,1080,1920,total_gate,831,86,1429,545
gate_446.jpg,1080,1920,small_gate,621,419,867,712
gate_446.jpg,1080,1920,big_gate,850,427,1173,709
gate_446.jpg,1080,1920,total_gate,621,419,1173,713
gate_478.jpg,1080,1920,small_gate,1001,327,1216,615
gate_478.jpg,1080,1920,big_gate,754,345,1016,615
gate_478.jpg,1080,1920,total_gate,753,327,1217,615
gate_158.jpg,1080,1920,small_gate,348,191,738,681
gate_158.jpg,1080,1920,big_gate,708,193,1271,822
gate_158.jpg,1080,1920,total_gate,348,187,1275,822
gate_277.jpg,1080,1920,small_gate,825,475,1006,705
gate_277.jpg,1080,1920,big_gate,994,470,1294,702
gate_277.jpg,1080,1920,total_gate,825,470,1294,703
gate_190.jpg,1080,1920,small_gate,1212,258,1649,718
gate_190.jpg,1080,1920,big_gate,671,261,1237,746
gate_190.jpg,1080,1920,total_gate,670,257,1649,748
gate_222.jpg,1080,1920,small_gate,802,404,988,651
gate_222.jpg,1080,1920,big_gate,973,395,1247,609
gate_222.jpg,1080,1920,total_gate,802,395,1247,652
gate_254.jpg,480,640,total_gate,93,84,490,370
gate_254.jpg,480,640,small_gate,98,84,305,362
gate_254.jpg,480,640,big_gate,289,84,484,372
gate_309.jpg,1080,1920,small_gate,671,402,860,637
gate_309.jpg,1080,1920,big_gate,844,402,1117,621
gate_309.jpg,1080,1920,total_gate,670,402,1117,636
gate_286.jpg,1080,1920,small_gate,1173,305,1323,587
gate_286.jpg,1080,1920,big_gate,909,259,1189,582
gate_286.jpg,1080,1920,total_gate,908,258,1325,589
gate_318.jpg,1080,1920,total_gate,681,292,827,729
gate_385.jpg,1080,1920,small_gate,1105,139,1266,467
gate_385.jpg,1080,1920,big_gate,805,82,1124,472
gate_385.jpg,1080,1920,total_gate,804,82,1266,473
gate_341.jpg,1080,1920,big_gate,879,49,1245,639
gate_417.jpg,1080,1920,small_gate,1076,60,1424,576
gate_417.jpg,1080,1920,big_gate,763,123,1095,540
gate_417.jpg,1080,1920,total_gate,763,60,1426,577
gate_449.jpg,1080,1920,small_gate,599,382,865,712
gate_449.jpg,1080,1920,big_gate,851,388,1217,689
gate_449.jpg,1080,1920,total_gate,599,381,1217,713
gate_481.jpg,1080,1920,small_gate,974,279,1213,599
gate_481.jpg,1080,1920,big_gate,709,305,990,606
gate_481.jpg,1080,1920,total_gate,709,278,1213,608
gate_388.jpg,1080,1920,small_gate,1071,196,1231,547
gate_388.jpg,1080,1920,big_gate,731,104,1085,539
gate_388.jpg,1080,1920,total_gate,730,104,1233,544
gate_420.jpg,1080,1920,total_gate,808,0,1652,616
gate_376.jpg,1080,1920,small_gate,767,215,1121,672
gate_376.jpg,1080,1920,big_gate,1102,139,1812,681
gate_376.jpg,1080,1920,total_gate,766,139,1810,683
gate_452.jpg,1080,1920,small_gate,573,318,871,690
gate_452.jpg,1080,1920,big_gate,856,328,1264,664
gate_452.jpg,1080,1920,total_gate,572,315,1265,692
gate_484.jpg,1080,1920,small_gate,971,205,1245,579
gate_484.jpg,1080,1920,big_gate,677,242,986,594
gate_484.jpg,1080,1920,total_gate,676,205,1246,597
gate_164.jpg,1080,1920,small_gate,345,206,756,707
gate_164.jpg,1080,1920,big_gate,713,181,1321,855
gate_161.jpg,1080,1920,small_gate,350,205,755,690
gate_161.jpg,1080,1920,big_gate,720,189,1304,833
gate_161.jpg,1080,1920,total_gate,350,192,1304,833
gate_196.jpg,480,640,small_gate,207,222,334,401
gate_196.jpg,480,640,big_gate,54,211,218,395
gate_196.jpg,480,640,total_gate,54,210,334,402
gate_228.jpg,480,640,small_gate,231,254,396,480
gate_228.jpg,480,640,big_gate,43,238,247,480
gate_228.jpg,480,640,total_gate,43,235,397,480
gate_324.jpg,1080,1920,small_gate,615,141,926,739
gate_324.jpg,1080,1920,big_gate,906,206,1198,641
gate_324.jpg,1080,1920,total_gate,615,141,1198,743
gate_391.jpg,1080,1920,small_gate,1113,157,1288,554
gate_391.jpg,1080,1920,big_gate,744,51,1133,555
gate_391.jpg,1080,1920,total_gate,743,49,1290,559
gate_423.jpg,1080,1920,small_gate,944,358,1100,600
gate_423.jpg,1080,1920,big_gate,676,333,962,612
gate_423.jpg,1080,1920,total_gate,676,333,1100,614
gate_455.jpg,1080,1920,small_gate,512,282,858,701
gate_455.jpg,1080,1920,big_gate,837,292,1296,665
gate_455.jpg,1080,1920,total_gate,512,282,1296,703
gate_487.jpg,1080,1920,small_gate,963,175,1275,610
gate_487.jpg,1080,1920,big_gate,635,218,983,618
gate_487.jpg,1080,1920,total_gate,635,173,1275,620
gate_167.jpg,1080,1920,small_gate,334,211,750,729
gate_167.jpg,1080,1920,big_gate,714,185,1333,880
gate_167.jpg,1080,1920,total_gate,334,184,1334,883
gate_263.jpg,1080,1920,small_gate,1116,442,1246,656
gate_263.jpg,1080,1920,big_gate,891,418,1125,639
gate_327.jpg,1080,1920,small_gate,584,91,920,734
gate_327.jpg,1080,1920,big_gate,896,163,1207,632
gate_327.jpg,1080,1920,total_gate,583,91,1206,738
gate_394.jpg,1080,1920,small_gate,1246,19,1456,514
gate_426.jpg,1080,1920,small_gate,962,338,1126,604
gate_426.jpg,1080,1920,big_gate,665,306,977,611
gate_426.jpg,1080,1920,total_gate,665,306,1126,613
gate_458.jpg,1080,1920,small_gate,463,256,857,733
gate_458.jpg,1080,1920,big_gate,834,259,1364,685
gate_458.jpg,1080,1920,total_gate,462,255,1365,734
gate_490.jpg,1080,1920,small_gate,982,175,1358,693
gate_490.jpg,1080,1920,big_gate,613,225,1000,685
gate_490.jpg,1080,1920,total_gate,615,175,1359,696
gate_170.jpg,1080,1920,small_gate,324,188,751,742
gate_170.jpg,1080,1920,big_gate,709,175,1351,876
gate_170.jpg,1080,1920,total_gate,324,174,1353,879
gate_202.jpg,1080,1920,small_gate,1294,313,1709,750
gate_202.jpg,1080,1920,big_gate,819,323,1314,760
gate_202.jpg,1080,1920,total_gate,818,312,1710,765
gate_234.jpg,480,640,small_gate,208,242,390,480
gate_234.jpg,480,640,big_gate,24,243,221,480
gate_234.jpg,480,640,total_gate,24,243,391,480
gate_266.jpg,1080,1920,small_gate,646,162,937,716
gate_266.jpg,1080,1920,big_gate,919,211,1201,635
gate_266.jpg,1080,1920,total_gate,645,162,1202,719
gate_298.jpg,1080,1920,small_gate,1184,330,1463,695
gate_298.jpg,1080,1920,big_gate,897,342,1209,636
gate_298.jpg,1080,1920,total_gate,898,328,1465,694
gate_330.jpg,1080,1920,small_gate,565,66,925,748
gate_330.jpg,1080,1920,big_gate,903,138,1222,632
gate_330.jpg,1080,1920,total_gate,562,66,1221,754
gate_362.jpg,1080,1920,small_gate,811,347,1016,612
gate_362.jpg,1080,1920,big_gate,1003,339,1347,606
gate_362.jpg,1080,1920,total_gate,810,339,1347,614
gate_397.jpg,1080,1920,small_gate,1109,146,1364,494
gate_397.jpg,1080,1920,big_gate,846,174,1134,462
gate_397.jpg,1080,1920,total_gate,845,146,1364,494
gate_429.jpg,1080,1920,small_gate,790,281,1021,542
gate_429.jpg,1080,1920,big_gate,437,272,829,657
gate_429.jpg,1080,1920,total_gate,435,271,1023,657
gate_461.jpg,1080,1920,small_gate,326,164,814,743
gate_461.jpg,1080,1920,big_gate,787,178,1397,686
gate_461.jpg,1080,1920,total_gate,325,164,1401,746
gate_493.jpg,1080,1920,small_gate,966,162,1441,791
gate_493.jpg,1080,1920,big_gate,554,231,993,771
gate_493.jpg,1080,1920,total_gate,553,161,1442,791
gate_225.jpg,1080,1920,small_gate,807,411,994,655
gate_225.jpg,1080,1920,big_gate,977,404,1248,616
gate_225.jpg,1080,1920,total_gate,807,403,1247,654
gate_173.jpg,1080,1920,small_gate,310,183,750,756
gate_173.jpg,1080,1920,big_gate,699,145,1363,876
gate_173.jpg,1080,1920,total_gate,310,145,1363,877
gate_237.jpg,480,640,small_gate,248,200,376,374
gate_237.jpg,480,640,big_gate,104,195,254,373
gate_237.jpg,480,640,total_gate,104,194,376,376
gate_301.jpg,1080,1920,small_gate,1219,104,1498,476
gate_301.jpg,1080,1920,big_gate,955,168,1236,516
gate_301.jpg,1080,1920,total_gate,954,99,1498,518
gate_257.jpg,480,640,small_gate,46,26,319,390
gate_257.jpg,480,640,big_gate,302,26,547,390
gate_257.jpg,480,640,total_gate,46,26,547,390
gate_333.jpg,1080,1920,small_gate,529,39,915,767
gate_333.jpg,1080,1920,big_gate,893,133,1223,639
gate_333.jpg,1080,1920,total_gate,527,39,1221,769
gate_365.jpg,1080,1920,small_gate,965,333,1195,631
gate_365.jpg,1080,1920,big_gate,1180,306,1624,626
gate_365.jpg,1080,1920,total_gate,965,303,1624,632
gate_400.jpg,1080,1920,small_gate,1184,140,1443,484
gate_400.jpg,1080,1920,big_gate,947,168,1206,509
gate_400.jpg,1080,1920,total_gate,946,137,1443,511
gate_321.jpg,1080,1920,small_gate,987,119,1228,685
gate_321.jpg,1080,1920,big_gate,818,236,1010,668
gate_321.jpg,1080,1920,total_gate,815,117,1230,684
gate_432.jpg,1080,1920,small_gate,1175,148,1408,476
gate_432.jpg,1080,1920,big_gate,804,146,1199,533
gate_432.jpg,1080,1920,total_gate,803,146,1409,536
gate_464.jpg,1080,1920,total_gate,0,0,1421,847
gate_496.jpg,1080,1920,small_gate,1010,25,1660,884
gate_496.jpg,1080,1920,big_gate,529,174,1037,802
gate_496.jpg,1080,1920,total_gate,526,23,1661,886
gate_176.jpg,1080,1920,small_gate,295,162,744,738
gate_176.jpg,1080,1920,big_gate,699,112,1384,859
gate_176.jpg,1080,1920,total_gate,293,111,1387,859
gate_435.jpg,1080,1920,small_gate,1206,99,1465,501
gate_435.jpg,1080,1920,big_gate,760,93,1225,562
gate_435.jpg,1080,1920,total_gate,759,92,1465,563
gate_208.jpg,1080,1920,small_gate,1341,317,1693,673
gate_208.jpg,1080,1920,big_gate,937,327,1364,666
gate_208.jpg,1080,1920,total_gate,936,315,1693,676
gate_240.jpg,480,640,small_gate,239,260,395,480
gate_240.jpg,480,640,big_gate,66,259,256,480
gate_240.jpg,480,640,total_gate,67,258,396,480
gate_179.jpg,1080,1920,small_gate,610,134,973,533
gate_179.jpg,1080,1920,big_gate,948,133,1453,686
gate_179.jpg,1080,1920,total_gate,609,129,1455,689
gate_243.jpg,480,640,small_gate,323,151,588,480
gate_243.jpg,480,640,big_gate,35,110,342,426
gate_243.jpg,480,640,total_gate,35,109,588,480
gate_275.jpg,1080,1920,small_gate,776,495,959,724
gate_275.jpg,1080,1920,big_gate,948,494,1240,730
gate_275.jpg,1080,1920,total_gate,776,494,1240,734
gate_307.jpg,1080,1920,small_gate,664,448,846,676
gate_307.jpg,1080,1920,big_gate,835,445,1095,656
gate_307.jpg,1080,1920,total_gate,663,445,1095,677
gate_304.jpg,1080,1920,small_gate,1012,408,1146,623
gate_304.jpg,1080,1920,big_gate,787,390,1025,622
gate_304.jpg,1080,1920,total_gate,787,390,1146,623
gate_371.jpg,1080,1920,small_gate,957,329,1237,688
gate_371.jpg,1080,1920,big_gate,1219,283,1812,707
gate_371.jpg,1080,1920,total_gate,957,281,1813,709
gate_374.jpg,1080,1920,small_gate,847,242,1159,649
gate_374.jpg,1080,1920,big_gate,1139,187,1766,653
gate_374.jpg,1080,1920,total_gate,847,185,1766,653
gate_406.jpg,1080,1920,small_gate,1110,231,1342,560
gate_406.jpg,1080,1920,big_gate,876,262,1129,561
gate_406.jpg,1080,1920,total_gate,875,231,1343,564
gate_438.jpg,1080,1920,small_gate,1246,56,1554,514
gate_438.jpg,1080,1920,big_gate,716,16,1268,570
gate_438.jpg,1080,1920,total_gate,714,15,1555,573
gate_470.jpg,1080,1920,total_gate,886,94,1095,756
gate_182.jpg,1080,1920,small_gate,647,188,997,591
gate_182.jpg,1080,1920,big_gate,977,193,1462,706
gate_182.jpg,1080,1920,total_gate,646,188,1464,706
gate_441.jpg,1080,1920,small_gate,663,353,871,607
gate_441.jpg,1080,1920,big_gate,855,355,1141,597
gate_441.jpg,1080,1920,total_gate,663,355,1141,608
gate_473.jpg,1080,1920,total_gate,849,0,1511,851
gate_368.jpg,1080,1920,small_gate,1027,339,1289,663
gate_368.jpg,1080,1920,big_gate,1271,299,1834,693
gate_368.jpg,1080,1920,total_gate,1027,299,1835,691
gate_185.jpg,1080,1920,small_gate,942,433,1301,833
gate_185.jpg,1080,1920,big_gate,444,429,959,877
gate_185.jpg,1080,1920,total_gate,443,433,1301,878
gate_217.jpg,1080,1920,small_gate,1182,217,1274,538
gate_217.jpg,1080,1920,big_gate,1258,118,1464,526
gate_217.jpg,1080,1920,total_gate,1182,114,1465,541
gate_249.jpg,1080,1920,small_gate,811,422,994,671
gate_249.jpg,1080,1920,big_gate,978,415,1250,629
gate_249.jpg,1080,1920,total_gate,810,415,1249,671
gate_281.jpg,1080,1920,small_gate,1148,407,1280,661
gate_281.jpg,1080,1920,big_gate,903,365,1160,641
gate_281.jpg,1080,1920,total_gate,902,365,1281,661
gate_313.jpg,1080,1920,total_gate,843,195,967,589
gate_345.jpg,1080,1920,small_gate,1112,447,1323,703
gate_345.jpg,1080,1920,big_gate,891,456,1126,706
gate_345.jpg,1080,1920,total_gate,890,446,1323,706
gate_380.jpg,1080,1920,small_gate,674,100,1118,668
gate_412.jpg,1080,1920,small_gate,1143,97,1435,521
gate_412.jpg,1080,1920,big_gate,873,149,1160,510
gate_412.jpg,1080,1920,total_gate,873,96,1434,521
gate_403.jpg,1080,1920,small_gate,1115,256,1341,573
gate_403.jpg,1080,1920,big_gate,886,298,1128,587
gate_403.jpg,1080,1920,total_gate,885,255,1341,587
gate_444.jpg,1080,1920,small_gate,586,429,828,710
gate_444.jpg,1080,1920,big_gate,810,429,1117,701
gate_444.jpg,1080,1920,total_gate,586,429,1117,712
gate_476.jpg,1080,1920,total_gate,816,0,1704,951
gate_156.jpg,1080,1920,small_gate,328,187,726,679
gate_156.jpg,1080,1920,big_gate,691,193,1242,803
gate_156.jpg,1080,1920,total_gate,334,191,1242,803
gate_188.jpg,1080,1920,small_gate,958,437,1441,949
gate_188.jpg,1080,1920,big_gate,272,436,983,1023
gate_188.jpg,1080,1920,total_gate,273,436,1441,1030
gate_220.jpg,1080,1920,small_gate,1179,224,1272,536
gate_220.jpg,1080,1920,big_gate,1260,113,1462,526
gate_220.jpg,1080,1920,total_gate,1179,110,1462,538
gate_246.jpg,1080,1920,small_gate,1176,216,1269,526
gate_246.jpg,1080,1920,big_gate,1253,102,1457,513
gate_246.jpg,1080,1920,total_gate,1176,100,1456,529
gate_284.jpg,1080,1920,small_gate,1166,331,1309,612
gate_284.jpg,1080,1920,big_gate,910,298,1182,595
gate_284.jpg,1080,1920,total_gate,909,293,1309,613
gate_316.jpg,1080,1920,total_gate,700,172,846,622
gate_348.jpg,1080,1920,small_gate,1066,357,1270,627
gate_348.jpg,1080,1920,big_gate,833,365,1079,622
gate_348.jpg,1080,1920,total_gate,833,355,1271,628
gate_383.jpg,1080,1920,small_gate,562,11,1095,700
gate_415.jpg,1080,1920,small_gate,1106,81,1429,558
gate_415.jpg,1080,1920,big_gate,814,119,1129,531
gate_415.jpg,1080,1920,total_gate,815,79,1431,558
gate_278.jpg,1080,1920,small_gate,807,451,991,684
gate_278.jpg,1080,1920,big_gate,980,448,1281,682
gate_278.jpg,1080,1920,total_gate,807,448,1281,684
gate_447.jpg,1080,1920,small_gate,617,399,867,711
gate_447.jpg,1080,1920,big_gate,855,399,1198,693
gate_447.jpg,1080,1920,total_gate,617,399,1197,711
gate_479.jpg,1080,1920,small_gate,986,310,1206,607
gate_479.jpg,1080,1920,big_gate,734,330,1000,612
gate_479.jpg,1080,1920,total_gate,734,308,1207,614
gate_159.jpg,1080,1920,small_gate,354,199,745,689
gate_159.jpg,1080,1920,big_gate,713,189,1282,820
gate_159.jpg,1080,1920,total_gate,352,188,1283,821
gate_191.jpg,1080,1920,small_gate,1281,260,1819,815
gate_191.jpg,1080,1920,big_gate,624,260,1310,835
gate_191.jpg,1080,1920,total_gate,622,258,1818,839
gate_310.jpg,1080,1920,small_gate,680,372,873,611
gate_310.jpg,1080,1920,big_gate,857,376,1133,600
gate_310.jpg,1080,1920,total_gate,679,372,1134,612
gate_223.jpg,1080,1920,small_gate,805,400,988,651
gate_223.jpg,1080,1920,big_gate,973,395,1247,610
gate_223.jpg,1080,1920,total_gate,805,396,1246,653
gate_255.jpg,480,640,small_gate,88,70,305,366
gate_255.jpg,480,640,big_gate,295,77,503,366
gate_255.jpg,480,640,total_gate,88,70,505,366
gate_287.jpg,1080,1920,small_gate,1184,276,1339,573
gate_287.jpg,1080,1920,big_gate,907,230,1199,565
gate_287.jpg,1080,1920,total_gate,907,231,1340,573
gate_342.jpg,1080,1920,big_gate,877,34,1246,630
gate_319.jpg,1080,1920,small_gate,847,169,1073,679
gate_319.jpg,1080,1920,big_gate,690,256,872,692
gate_319.jpg,1080,1920,total_gate,690,164,1073,693
gate_386.jpg,1080,1920,small_gate,1032,131,1186,471
gate_386.jpg,1080,1920,big_gate,712,38,1044,454
gate_386.jpg,1080,1920,total_gate,710,37,1187,472
gate_418.jpg,1080,1920,small_gate,1129,53,1532,618
gate_418.jpg,1080,1920,big_gate,805,129,1161,558
gate_418.jpg,1080,1920,total_gate,805,53,1533,619
gate_377.jpg,1080,1920,small_gate,752,187,1128,669
gate_377.jpg,1080,1920,big_gate,1104,103,1871,691
gate_377.jpg,1080,1920,total_gate,752,104,1871,689
gate_450.jpg,1080,1920,small_gate,604,364,878,700
gate_450.jpg,1080,1920,big_gate,862,356,1242,679
gate_450.jpg,1080,1920,total_gate,602,357,1242,703
gate_482.jpg,1080,1920,small_gate,965,224,1218,567
gate_482.jpg,1080,1920,big_gate,683,253,978,582
gate_482.jpg,1080,1920,total_gate,682,224,1219,582
gate_162.jpg,1080,1920,small_gate,352,185,756,693
gate_162.jpg,1080,1920,big_gate,721,184,1315,837
gate_162.jpg,1080,1920,total_gate,352,184,1316,839
gate_421.jpg,1080,1920,small_gate,971,349,1124,580
gate_421.jpg,1080,1920,big_gate,726,337,988,599
gate_421.jpg,1080,1920,total_gate,726,337,1124,601
gate_453.jpg,1080,1920,small_gate,581,303,886,686
gate_453.jpg,1080,1920,big_gate,871,302,1294,663
gate_453.jpg,1080,1920,total_gate,581,300,1293,688
gate_409.jpg,1080,1920,small_gate,1159,150,1421,524
gate_409.jpg,1080,1920,big_gate,905,207,1173,527
gate_409.jpg,1080,1920,total_gate,904,149,1421,528
gate_485.jpg,1080,1920,small_gate,972,188,1253,582
gate_485.jpg,1080,1920,big_gate,664,232,985,595
gate_485.jpg,1080,1920,total_gate,662,187,1254,598
gate_165.jpg,1080,1920,small_gate,342,204,755,715
gate_165.jpg,1080,1920,big_gate,717,190,1326,868
gate_165.jpg,1080,1920,total_gate,339,198,1329,870
gate_197.jpg,480,640,small_gate,229,229,373,412
gate_197.jpg,480,640,big_gate,86,222,238,405
gate_197.jpg,480,640,total_gate,86,221,374,413
gate_229.jpg,480,640,small_gate,193,222,407,480
gate_325.jpg,1080,1920,small_gate,605,125,926,740
gate_325.jpg,1080,1920,big_gate,899,194,1199,641
gate_325.jpg,1080,1920,total_gate,605,124,1198,741
gate_226.jpg,1080,1920,small_gate,808,416,993,660
gate_226.jpg,1080,1920,big_gate,979,405,1251,620
gate_226.jpg,1080,1920,total_gate,807,404,1253,660
gate_392.jpg,1080,1920,small_gate,1155,139,1337,556
gate_392.jpg,1080,1920,big_gate,770,33,1176,566
gate_392.jpg,1080,1920,total_gate,769,32,1337,567
gate_424.jpg,1080,1920,small_gate,943,346,1100,596
gate_424.jpg,1080,1920,big_gate,665,319,959,609
gate_424.jpg,1080,1920,total_gate,665,318,1100,609
gate_456.jpg,1080,1920,small_gate,502,259,860,694
gate_456.jpg,1080,1920,big_gate,839,262,1321,654
gate_456.jpg,1080,1920,total_gate,501,261,1320,696
gate_488.jpg,1080,1920,small_gate,985,174,1324,634
gate_488.jpg,1080,1920,big_gate,645,216,1007,637
gate_488.jpg,1080,1920,total_gate,644,173,1325,638
gate_322.jpg,1080,1920,small_gate,1026,149,1286,733
gate_322.jpg,1080,1920,big_gate,852,261,1048,701
gate_322.jpg,1080,1920,total_gate,851,148,1286,734
gate_168.jpg,1080,1920,small_gate,328,199,753,738
gate_168.jpg,1080,1920,big_gate,713,187,1336,886
gate_168.jpg,1080,1920,total_gate,328,185,1337,889
gate_200.jpg,1080,1920,big_gate,585,84,1518,879
gate_232.jpg,480,640,small_gate,270,250,417,444
gate_232.jpg,480,640,big_gate,115,244,281,448
gate_232.jpg,480,640,total_gate,115,245,417,449
gate_264.jpg,1080,1920,small_gate,651,455,835,688
gate_264.jpg,1080,1920,big_gate,821,452,1083,665
gate_264.jpg,1080,1920,total_gate,650,453,1083,689
gate_389.jpg,1080,1920,small_gate,1074,179,1238,541
gate_389.jpg,1080,1920,big_gate,731,83,1092,538
gate_389.jpg,1080,1920,total_gate,729,81,1237,543
gate_328.jpg,1080,1920,small_gate,576,81,923,737
gate_328.jpg,1080,1920,big_gate,897,157,1209,629
gate_328.jpg,1080,1920,total_gate,573,78,1209,738
gate_360.jpg,1080,1920,small_gate,816,370,1013,625
gate_360.jpg,1080,1920,big_gate,1000,368,1327,624
gate_360.jpg,1080,1920,total_gate,814,368,1327,626
gate_267.jpg,1080,1920,small_gate,646,158,938,722
gate_267.jpg,1080,1920,big_gate,918,211,1204,638
gate_267.jpg,1080,1920,total_gate,646,158,1205,723
gate_299.jpg,1080,1920,small_gate,1298,35,1621,435
gate_299.jpg,1080,1920,big_gate,1019,120,1320,488
gate_299.jpg,1080,1920,total_gate,1019,33,1621,490
gate_395.jpg,1080,1920,small_gate,1120,121,1384,479
gate_395.jpg,1080,1920,big_gate,851,153,1147,446
gate_395.jpg,1080,1920,total_gate,852,120,1384,478
gate_331.jpg,1080,1920,small_gate,552,58,924,754
gate_331.jpg,1080,1920,big_gate,900,133,1223,636
gate_331.jpg,1080,1920,total_gate,551,58,1223,757
gate_363.jpg,1080,1920,small_gate,826,363,1036,632
gate_363.jpg,1080,1920,big_gate,1025,353,1379,631
gate_363.jpg,1080,1920,total_gate,825,352,1380,633
gate_398.jpg,1080,1920,small_gate,1119,165,1374,512
gate_398.jpg,1080,1920,big_gate,861,191,1148,478
gate_398.jpg,1080,1920,total_gate,860,165,1375,512
gate_430.jpg,1080,1920,small_gate,1199,164,1434,474
gate_430.jpg,1080,1920,big_gate,856,150,1226,539
gate_430.jpg,1080,1920,total_gate,856,150,1434,540
gate_427.jpg,1080,1920,big_gate,664,309,984,620
gate_427.jpg,1080,1920,small_gate,966,341,1138,610
gate_427.jpg,1080,1920,total_gate,663,309,1140,619
gate_462.jpg,1080,1920,small_gate,177,96,765,780
gate_462.jpg,1080,1920,big_gate,730,148,1411,718
gate_462.jpg,1080,1920,total_gate,175,95,1411,783
gate_494.jpg,1080,1920,small_gate,971,107,1497,813
gate_494.jpg,1080,1920,big_gate,540,210,1007,770
gate_494.jpg,1080,1920,total_gate,539,106,1499,817
gate_459.jpg,1080,1920,small_gate,409,249,834,757
gate_459.jpg,1080,1920,big_gate,811,265,1360,705
gate_459.jpg,1080,1920,total_gate,407,247,1358,756
gate_491.jpg,1080,1920,big_gate,600,251,1002,711
gate_491.jpg,1080,1920,small_gate,983,183,1379,730
gate_491.jpg,1080,1920,total_gate,601,182,1381,731
gate_171.jpg,1080,1920,small_gate,326,208,753,747
gate_171.jpg,1080,1920,big_gate,706,157,1361,880
gate_171.jpg,1080,1920,total_gate,320,155,1362,880
gate_174.jpg,1080,1920,small_gate,300,196,745,759
gate_174.jpg,1080,1920,big_gate,692,143,1369,884
gate_174.jpg,1080,1920,total_gate,297,139,1371,887
gate_206.jpg,1080,1920,small_gate,933,281,1220,585
gate_206.jpg,1080,1920,big_gate,572,267,952,605
gate_206.jpg,1080,1920,total_gate,572,267,1221,606
gate_203.jpg,1080,1920,big_gate,842,329,1289,710
gate_203.jpg,1080,1920,small_gate,1258,319,1630,694
gate_203.jpg,1080,1920,total_gate,841,319,1630,712
gate_238.jpg,480,640,small_gate,214,220,356,398
gate_238.jpg,480,640,big_gate,68,199,230,399
gate_238.jpg,480,640,total_gate,68,198,356,401
gate_235.jpg,480,640,small_gate,194,234,394,480
gate_235.jpg,480,640,big_gate,0,237,208,480
gate_235.jpg,480,640,total_gate,0,233,395,480
gate_302.jpg,1080,1920,small_gate,1151,116,1417,483
gate_302.jpg,1080,1920,big_gate,886,155,1172,480
gate_302.jpg,1080,1920,total_gate,887,116,1417,484
gate_334.jpg,1080,1920,small_gate,518,32,917,775
gate_334.jpg,1080,1920,big_gate,889,130,1222,642
gate_334.jpg,1080,1920,total_gate,516,34,1222,776
gate_241.jpg,480,640,small_gate,270,88,438,355
gate_241.jpg,480,640,big_gate,75,79,283,344
gate_241.jpg,480,640,total_gate,75,78,439,356
gate_305.jpg,1080,1920,small_gate,1011,397,1150,612
gate_305.jpg,1080,1920,big_gate,781,375,1026,615
gate_305.jpg,1080,1920,total_gate,781,375,1150,617
gate_366.jpg,1080,1920,small_gate,961,331,1190,627
gate_366.jpg,1080,1920,big_gate,1176,297,1618,621
gate_366.jpg,1080,1920,total_gate,961,297,1620,628
gate_337.jpg,1080,1920,small_gate,480,0,919,784
gate_337.jpg,1080,1920,big_gate,887,97,1233,645
gate_337.jpg,1080,1920,total_gate,480,0,1233,785
gate_369.jpg,1080,1920,small_gate,989,370,1252,705
gate_369.jpg,1080,1920,big_gate,1234,342,1792,743
gate_369.jpg,1080,1920,total_gate,988,341,1793,745
gate_path_2.jpg,1080,1920,small_gate,749,27,1028,349
gate_path_2.jpg,1080,1920,big_gate,1007,19,1371,429
gate_path_2.jpg,1080,1920,total_gate,749,14,1372,429
gate_path_2.jpg,1080,1920,path,1147,784,1232,876
gate_path_34.jpg,1080,1920,small_gate,750,0,1069,422
gate_path_34.jpg,1080,1920,path,1391,744,1506,865
gate_401.jpg,1080,1920,small_gate,1127,212,1362,538
gate_401.jpg,1080,1920,big_gate,895,258,1145,562
gate_401.jpg,1080,1920,total_gate,895,212,1363,562
gate_path_66.jpg,1080,1920,path,1095,976,1202,1080
gate_path_66.jpg,1080,1920,small_gate,622,103,982,517
gate_path_66.jpg,1080,1920,big_gate,952,91,1432,595
gate_path_66.jpg,1080,1920,total_gate,622,89,1432,595
gate_433.jpg,1080,1920,small_gate,1182,140,1418,481
gate_433.jpg,1080,1920,big_gate,794,134,1205,538
gate_433.jpg,1080,1920,total_gate,794,134,1418,540
gate_path_5.jpg,1080,1920,path,1130,768,1218,855
gate_path_5.jpg,1080,1920,small_gate,693,37,985,368
gate_path_5.jpg,1080,1920,big_gate,949,3,1325,427
gate_path_5.jpg,1080,1920,total_gate,692,3,1327,431
gate_497.jpg,1080,1920,total_gate,483,0,1879,932
gate_path_37.jpg,1080,1920,path,1096,671,1215,786
gate_path_69.jpg,1080,1920,path,953,908,1050,1037
gate_path_69.jpg,1080,1920,small_gate,542,0,910,404
gate_path_69.jpg,1080,1920,big_gate,876,25,1355,563
gate_path_69.jpg,1080,1920,total_gate,542,0,1358,565
gate_path_8.jpg,1080,1920,path,1089,786,1182,886
gate_path_8.jpg,1080,1920,small_gate,592,68,899,440
gate_path_8.jpg,1080,1920,big_gate,854,22,1254,416
gate_path_8.jpg,1080,1920,total_gate,589,22,1254,441
gate_path_40.jpg,1080,1920,path,1046,753,1147,867
gate_path_11.jpg,1080,1920,small_gate,518,87,818,440
gate_path_11.jpg,1080,1920,big_gate,785,51,1176,441
gate_path_11.jpg,1080,1920,total_gate,517,50,1179,443
gate_path_23.jpg,1080,1920,small_gate,441,42,742,400
gate_path_23.jpg,1080,1920,big_gate,727,39,1111,482
gate_path_23.jpg,1080,1920,total_gate,441,38,1112,485
gate_path_23.jpg,1080,1920,path,863,836,954,938
gate_path_55.jpg,1080,1920,path,913,935,1012,1060
gate_path_55.jpg,1080,1920,small_gate,426,62,760,462
gate_path_55.jpg,1080,1920,big_gate,736,64,1184,566
gate_path_55.jpg,1080,1920,total_gate,424,58,1186,566
gate_path_26.jpg,1080,1920,path,895,852,985,963
gate_path_26.jpg,1080,1920,small_gate,470,61,771,411
gate_path_26.jpg,1080,1920,big_gate,750,56,1142,493
gate_path_26.jpg,1080,1920,total_gate,470,49,1142,494
gate_path_58.jpg,1080,1920,path,930,948,1026,1074
gate_path_58.jpg,1080,1920,total_gate,422,58,1193,583
gate_path_58.jpg,1080,1920,small_gate,424,66,757,479
gate_path_58.jpg,1080,1920,big_gate,735,65,1194,584
gate_path_29.jpg,1080,1920,small_gate,518,92,821,445
gate_path_29.jpg,1080,1920,big_gate,798,75,1199,512
gate_path_29.jpg,1080,1920,total_gate,518,71,1201,513
gate_path_29.jpg,1080,1920,path,978,879,1071,986
gate_path_61.jpg,1080,1920,small_gate,413,68,759,489
gate_path_61.jpg,1080,1920,big_gate,734,64,1202,591
gate_path_61.jpg,1080,1920,total_gate,413,64,1204,594
gate_path_61.jpg,1080,1920,path,945,962,1043,1080
gate_177.jpg,1080,1920,small_gate,302,91,756,678
gate_177.jpg,1080,1920,big_gate,708,23,1405,802
gate_177.jpg,1080,1920,total_gate,302,23,1406,802
gate_path_0.jpg,1080,1920,small_gate,782,28,1056,339
gate_path_0.jpg,1080,1920,big_gate,1037,22,1407,390
gate_path_0.jpg,1080,1920,total_gate,781,21,1408,393
gate_path_0.jpg,1080,1920,path,1164,780,1247,871
gate_path_32.jpg,1080,1920,small_gate,639,0,960,395
gate_path_32.jpg,1080,1920,path,1233,748,1333,835
gate_path_64.jpg,1080,1920,small_gate,643,115,1000,532
gate_path_64.jpg,1080,1920,big_gate,971,114,1455,627
gate_path_64.jpg,1080,1920,total_gate,641,114,1456,628
gate_path_3.jpg,1080,1920,path,1149,780,1227,870
gate_path_3.jpg,1080,1920,small_gate,734,28,1013,350
gate_path_3.jpg,1080,1920,big_gate,991,21,1360,433
gate_path_3.jpg,1080,1920,total_gate,734,19,1360,434
gate_209.jpg,1080,1920,small_gate,1354,309,1773,728
gate_209.jpg,1080,1920,big_gate,887,334,1371,718
gate_209.jpg,1080,1920,total_gate,883,326,1774,732
gate_path_43.jpg,1080,1920,path,979,799,1080,909
gate_path_43.jpg,1080,1920,small_gate,466,0,806,378
gate_path_35.jpg,1080,1920,small_gate,690,0,1014,385
gate_path_35.jpg,1080,1920,path,1305,726,1409,834
gate_path_67.jpg,1080,1920,path,1050,954,1154,1080
gate_path_67.jpg,1080,1920,small_gate,603,73,957,466
gate_path_67.jpg,1080,1920,big_gate,930,71,1404,582
gate_path_67.jpg,1080,1920,total_gate,602,69,1404,584
gate_path_6.jpg,1080,1920,small_gate,666,42,953,378
gate_path_6.jpg,1080,1920,big_gate,929,17,1301,409
gate_path_6.jpg,1080,1920,total_gate,667,17,1303,410
gate_path_6.jpg,1080,1920,path,1124,781,1211,876
gate_path_38.jpg,1080,1920,path,1066,692,1158,799
gate_path_70.jpg,1080,1920,big_gate,827,0,1306,535
gate_path_70.jpg,1080,1920,big_gate,486,0,861,362
gate_path_70.jpg,1080,1920,total_gate,486,0,1312,540
gate_path_70.jpg,1080,1920,path,907,877,1004,1005
gate_path_9.jpg,1080,1920,small_gate,574,59,868,411
gate_path_9.jpg,1080,1920,big_gate,841,11,1234,412
gate_path_9.jpg,1080,1920,total_gate,573,11,1235,415
gate_path_9.jpg,1080,1920,path,1080,789,1171,878
gate_path_41.jpg,1080,1920,small_gate,505,0,840,374
gate_path_41.jpg,1080,1920,path,1048,779,1140,891
gate_path_14.jpg,1080,1920,small_gate,501,103,799,466
gate_path_14.jpg,1080,1920,big_gate,773,77,1153,476
gate_path_14.jpg,1080,1920,total_gate,497,76,1153,480
gate_path_14.jpg,1080,1920,path,974,849,1066,942
gate_path_12.jpg,1080,1920,small_gate,505,95,809,447
gate_path_12.jpg,1080,1920,big_gate,773,52,1166,450
gate_path_12.jpg,1080,1920,total_gate,505,51,1168,452
gate_path_12.jpg,1080,1920,path,1000,824,1093,914
gate_path_44.jpg,1080,1920,small_gate,455,0,791,368
gate_path_44.jpg,1080,1920,big_gate,764,0,1190,442
gate_path_44.jpg,1080,1920,total_gate,455,0,1191,444
gate_path_44.jpg,1080,1920,path,969,802,1063,911
gate_path_15.jpg,1080,1920,small_gate,489,101,793,449
gate_path_15.jpg,1080,1920,big_gate,766,81,1142,474
gate_path_15.jpg,1080,1920,total_gate,489,80,1142,476
gate_path_15.jpg,1080,1920,path,961,845,1050,944
gate_path_46.jpg,1080,1920,small_gate,455,7,785,399
gate_path_46.jpg,1080,1920,big_gate,759,0,1186,479
gate_path_46.jpg,1080,1920,total_gate,453,3,1185,479
gate_path_46.jpg,1080,1920,path,934,844,1032,954
gate_path_47.jpg,1080,1920,small_gate,426,13,764,389
gate_path_47.jpg,1080,1920,big_gate,735,12,1165,487
gate_path_47.jpg,1080,1920,total_gate,427,11,1166,488
gate_path_47.jpg,1080,1920,path,903,847,996,962
gate_path_18.jpg,1080,1920,small_gate,424,103,744,463
gate_path_18.jpg,1080,1920,big_gate,710,89,1091,499
gate_path_18.jpg,1080,1920,total_gate,424,87,1092,501
gate_path_18.jpg,1080,1920,path,894,862,982,957
gate_path_50.jpg,1080,1920,small_gate,429,25,761,404
gate_path_50.jpg,1080,1920,big_gate,741,22,1173,513
gate_path_50.jpg,1080,1920,total_gate,428,22,1173,515
gate_path_50.jpg,1080,1920,path,896,873,987,993
gate_path_17.jpg,1080,1920,small_gate,469,85,778,445
gate_path_17.jpg,1080,1920,big_gate,744,58,1124,482
gate_path_17.jpg,1080,1920,total_gate,467,58,1124,480
gate_path_17.jpg,1080,1920,path,937,844,1031,936
gate_path_21.jpg,1080,1920,small_gate,415,40,725,398
gate_path_21.jpg,1080,1920,big_gate,703,45,1087,474
gate_path_21.jpg,1080,1920,total_gate,415,38,1089,476
gate_path_21.jpg,1080,1920,path,855,833,940,937
gate_path_53.jpg,1080,1920,small_gate,435,38,764,426
gate_path_53.jpg,1080,1920,big_gate,742,35,1183,535
gate_path_53.jpg,1080,1920,total_gate,435,34,1184,537
gate_path_53.jpg,1080,1920,path,902,894,992,1013
gate_path_49.jpg,1080,1920,small_gate,423,4,757,396
gate_path_49.jpg,1080,1920,big_gate,736,0,1166,504
gate_path_49.jpg,1080,1920,total_gate,420,4,1165,507
gate_path_49.jpg,1080,1920,path,895,857,987,972
gate_path_24.jpg,1080,1920,small_gate,447,46,754,400
gate_path_24.jpg,1080,1920,big_gate,731,49,1119,485
gate_path_24.jpg,1080,1920,total_gate,445,43,1119,486
gate_path_24.jpg,1080,1920,path,875,843,962,946
gate_path_56.jpg,1080,1920,small_gate,425,71,759,466
gate_path_56.jpg,1080,1920,big_gate,734,61,1186,566
gate_path_56.jpg,1080,1920,total_gate,422,60,1186,568
gate_path_56.jpg,1080,1920,path,918,938,1014,1062
gate_path_27.jpg,1080,1920,small_gate,506,87,808,436
gate_path_27.jpg,1080,1920,big_gate,786,82,1179,511
gate_path_27.jpg,1080,1920,total_gate,506,81,1179,511
gate_path_27.jpg,1080,1920,path,938,876,1030,985
gate_path_36.jpg,1080,1920,path,1222,707,1317,809
gate_path_68.jpg,1080,1920,path,982,929,1079,1055
gate_path_68.jpg,1080,1920,small_gate,559,34,922,429
gate_path_68.jpg,1080,1920,big_gate,889,36,1370,581
gate_path_68.jpg,1080,1920,total_gate,557,29,1370,582
gate_path_20.jpg,1080,1920,small_gate,409,62,722,421
gate_path_20.jpg,1080,1920,big_gate,696,54,1077,473
gate_path_20.jpg,1080,1920,total_gate,406,53,1080,474
gate_path_20.jpg,1080,1920,path,859,842,948,939
gate_path_7.jpg,1080,1920,path,1107,798,1197,890
gate_path_7.jpg,1080,1920,total_gate,620,17,1273,430
gate_path_7.jpg,1080,1920,small_gate,619,83,915,419
gate_path_7.jpg,1080,1920,big_gate,875,18,1274,432
gate_path_39.jpg,1080,1920,path,1077,718,1170,817
gate_path_71.jpg,1080,1920,path,881,860,976,990
gate_path_71.jpg,1080,1920,big_gate,798,0,1270,523
gate_path_71.jpg,1080,1920,total_gate,463,0,1271,525
gate_path_71.jpg,1080,1920,small_gate,462,0,832,364
gate_path_10.jpg,1080,1920,path,1022,808,1102,898
gate_path_10.jpg,1080,1920,small_gate,523,62,824,419
gate_path_10.jpg,1080,1920,big_gate,795,33,1189,433
gate_path_10.jpg,1080,1920,total_gate,523,33,1190,434
gate_path_52.jpg,1080,1920,small_gate,435,34,763,428
gate_path_52.jpg,1080,1920,big_gate,740,33,1183,530
gate_path_52.jpg,1080,1920,total_gate,433,33,1182,530
gate_path_52.jpg,1080,1920,path,900,891,996,1012
gate_path_59.jpg,1080,1920,small_gate,421,70,764,489
gate_path_59.jpg,1080,1920,big_gate,739,62,1201,583
gate_path_59.jpg,1080,1920,total_gate,418,60,1207,585
gate_path_59.jpg,1080,1920,path,938,956,1036,1080
gate_path_30.jpg,1080,1920,small_gate,547,28,875,409
gate_path_30.jpg,1080,1920,big_gate,829,0,1258,435
gate_path_30.jpg,1080,1920,total_gate,546,0,1260,437
gate_path_30.jpg,1080,1920,path,1064,825,1154,908
gate_path_62.jpg,1080,1920,small_gate,409,81,760,517
gate_path_62.jpg,1080,1920,big_gate,730,72,1204,593
gate_path_62.jpg,1080,1920,total_gate,406,71,1208,595
gate_path_62.jpg,1080,1920,path,941,971,1047,1080
gate_path_42.jpg,1080,1920,path,1018,800,1114,912
gate_path_42.jpg,1080,1920,small_gate,491,0,824,373
gate_path_42.jpg,1080,1920,big_gate,788,0,1228,416
gate_path_42.jpg,1080,1920,total_gate,489,0,1230,419
gate_path_13.jpg,1080,1920,small_gate,501,84,803,434
gate_path_13.jpg,1080,1920,big_gate,765,61,1156,465
gate_path_13.jpg,1080,1920,total_gate,499,60,1159,467
gate_path_13.jpg,1080,1920,path,980,836,1068,934
gate_path_1.jpg,1080,1920,small_gate,769,36,1043,366
gate_path_1.jpg,1080,1920,big_gate,1025,19,1393,417
gate_path_1.jpg,1080,1920,total_gate,769,20,1393,418
gate_path_1.jpg,1080,1920,path,1160,784,1240,870
gate_path_33.jpg,1080,1920,small_gate,758,0,1082,417
gate_path_33.jpg,1080,1920,path,1395,735,1515,839
gate_path_45.jpg,1080,1920,small_gate,459,6,787,387
gate_path_45.jpg,1080,1920,big_gate,762,0,1190,466
gate_path_45.jpg,1080,1920,total_gate,459,0,1192,469
gate_path_45.jpg,1080,1920,path,946,832,1045,953
gate_path_16.jpg,1080,1920,small_gate,485,85,794,445
gate_path_16.jpg,1080,1920,big_gate,758,65,1140,471
gate_path_16.jpg,1080,1920,total_gate,486,64,1142,470
gate_path_16.jpg,1080,1920,path,954,840,1048,945
gate_path_65.jpg,1080,1920,small_gate,633,106,987,509
gate_path_65.jpg,1080,1920,big_gate,961,88,1444,610
gate_path_65.jpg,1080,1920,total_gate,630,88,1444,613
gate_path_65.jpg,1080,1920,path,1112,983,1205,1080
gate_path_48.jpg,1080,1920,small_gate,421,6,752,385
gate_path_48.jpg,1080,1920,big_gate,732,3,1165,486
gate_path_48.jpg,1080,1920,total_gate,421,0,1166,487
gate_path_48.jpg,1080,1920,path,898,847,988,961
gate_path_19.jpg,1080,1920,small_gate,405,98,730,465
gate_path_19.jpg,1080,1920,big_gate,694,93,1078,497
gate_path_19.jpg,1080,1920,total_gate,405,92,1079,500
gate_path_19.jpg,1080,1920,path,880,864,969,958
gate_path_4.jpg,1080,1920,small_gate,724,34,1007,361
gate_path_4.jpg,1080,1920,big_gate,985,12,1343,420
gate_path_4.jpg,1080,1920,total_gate,722,13,1345,420
gate_path_4.jpg,1080,1920,path,1131,774,1229,870
gate_path_51.jpg,1080,1920,small_gate,427,34,759,416
gate_path_51.jpg,1080,1920,big_gate,736,31,1178,520
gate_path_51.jpg,1080,1920,total_gate,426,30,1179,520
gate_path_51.jpg,1080,1920,path,895,881,988,1000
gate_path_22.jpg,1080,1920,small_gate,426,40,735,403
gate_path_22.jpg,1080,1920,big_gate,712,34,1100,476
gate_path_22.jpg,1080,1920,total_gate,424,33,1101,477
gate_path_22.jpg,1080,1920,path,856,831,942,936
gate_path_54.jpg,1080,1920,small_gate,431,44,769,437
gate_path_54.jpg,1080,1920,big_gate,747,42,1193,553
gate_path_54.jpg,1080,1920,total_gate,431,43,1199,555
gate_path_54.jpg,1080,1920,path,903,909,1004,1031
path_570.jpg,480,640,path,383,5,464,197
path_602.jpg,480,640,path,179,7,253,190
path_634.jpg,480,640,path,214,348,310,458
path_26.jpg,480,640,path,347,11,420,203
gate_path_25.jpg,1080,1920,small_gate,459,53,764,406
gate_path_25.jpg,1080,1920,big_gate,741,55,1133,496
gate_path_25.jpg,1080,1920,total_gate,458,52,1135,495
gate_path_25.jpg,1080,1920,path,889,855,979,948
path_58.jpg,480,640,path,63,324,135,436
path_90.jpg,480,640,path,243,332,339,456
path_122.jpg,1080,1920,path,435,149,714,784
path_154.jpg,1080,1920,path,778,803,877,924
path_186.jpg,1080,1920,path,389,589,941,994
gate_path_57.jpg,1080,1920,small_gate,422,73,759,484
gate_path_57.jpg,1080,1920,big_gate,741,68,1194,580
gate_path_57.jpg,1080,1920,total_gate,427,67,1198,579
gate_path_57.jpg,1080,1920,path,927,944,1023,1073
path_218.jpg,1080,1920,path,285,292,764,745
path_250.jpg,1080,1920,path,439,92,893,445
path_282.jpg,480,640,path,1,52,103,291
path_314.jpg,480,640,path,146,47,245,216
path_346.jpg,480,640,path,348,174,411,350
gate_path_28.jpg,1080,1920,small_gate,511,100,811,454
gate_path_28.jpg,1080,1920,big_gate,789,92,1191,531
gate_path_28.jpg,1080,1920,total_gate,510,92,1192,528
gate_path_28.jpg,1080,1920,path,950,888,1046,997
path_378.jpg,480,640,path,321,257,405,435
path_410.jpg,480,640,path,222,289,366,380
path_442.jpg,480,640,path,38,317,107,431
path_474.jpg,480,640,path,202,332,305,440
path_506.jpg,480,640,path,223,72,281,230
path_538.jpg,480,640,path,212,34,293,213
path_573.jpg,480,640,path,246,39,335,210
path_189.jpg,1080,1920,path,386,602,948,994
path_221.jpg,1080,1920,path,285,380,729,817
path_253.jpg,1080,1920,path,414,234,866,578
path_285.jpg,480,640,path,280,177,401,432
path_317.jpg,480,640,path,165,93,278,245
path_349.jpg,480,640,path,339,171,406,353
path_381.jpg,480,640,path,316,259,380,450
path_413.jpg,480,640,path,406,272,531,404
path_445.jpg,480,640,path,105,70,174,311
path_477.jpg,480,640,path,214,344,318,450
path_509.jpg,480,640,path,179,169,253,310
path_541.jpg,480,640,path,185,4,281,168
path_576.jpg,480,640,path,217,15,306,182
path_608.jpg,480,640,path,140,1,235,158
path_640.jpg,480,640,path,142,323,242,435
path_0.jpg,480,640,path,276,19,365,195
path_32.jpg,480,640,path,149,22,222,212
path_64.jpg,480,640,path,75,35,149,292
path_96.jpg,480,640,path,217,327,323,431
path_128.jpg,1080,1920,path,426,137,709,778
path_160.jpg,480,640,total_gate,237,0,515,464
path_192.jpg,1080,1920,path,364,568,924,991
path_224.jpg,1080,1920,path,285,417,722,844
path_256.jpg,1080,1920,path,356,460,816,804
path_288.jpg,480,640,path,276,249,410,480
path_320.jpg,480,640,path,188,115,305,259
path_352.jpg,480,640,path,337,187,404,364
path_384.jpg,480,640,path,273,222,326,417
path_416.jpg,480,640,path,457,223,559,389
path_448.jpg,480,640,path,218,91,279,313
path_480.jpg,480,640,path,189,31,292,87
path_512.jpg,480,640,path,327,199,401,379
path_544.jpg,480,640,path,274,0,379,157
path_547.jpg,480,640,path,268,18,370,181
path_579.jpg,480,640,path,211,16,308,178
path_611.jpg,480,640,path,162,29,232,221
path_643.jpg,480,640,path,251,15,350,249
path_3.jpg,480,640,path,125,91,217,266
path_35.jpg,480,640,path,183,230,250,416
path_67.jpg,480,640,path,195,96,263,326
path_99.jpg,480,640,path,215,317,319,423
path_131.jpg,1080,1920,path,418,148,707,783
path_163.jpg,480,640,path,228,0,507,480
path_195.jpg,1080,1920,path,350,554,908,980
path_227.jpg,1080,1920,path,285,369,739,786
path_259.jpg,480,640,path,191,321,314,450
path_291.jpg,480,640,path,303,52,377,242
path_323.jpg,480,640,path,214,115,332,263
path_355.jpg,480,640,path,333,198,402,376
path_387.jpg,480,640,path,117,158,261,242
path_419.jpg,480,640,path,461,229,560,405
path_451.jpg,480,640,path,375,121,449,334
path_483.jpg,480,640,path,299,146,363,320
path_515.jpg,480,640,path,30,102,116,272
path_550.jpg,480,640,path,309,0,400,174
path_582.jpg,480,640,path,458,117,534,308
path_614.jpg,480,640,path,177,163,248,352
path_646.jpg,480,640,path,248,87,346,324
path_6.jpg,480,640,path,76,28,164,203
path_38.jpg,480,640,path,193,237,262,446
path_70.jpg,480,640,path,439,170,521,374
path_102.jpg,480,640,path,204,316,308,426
path_134.jpg,1080,1920,path,402,265,761,865
path_166.jpg,480,640,path,228,0,505,480
path_198.jpg,1080,1920,path,345,532,889,973
path_230.jpg,1080,1920,path,285,330,760,740
path_262.jpg,480,640,path,95,26,207,164
path_294.jpg,480,640,path,14,255,95,372
path_326.jpg,480,640,path,229,48,336,211
path_358.jpg,480,640,path,179,352,303,480
path_390.jpg,480,640,path,163,140,305,230
path_422.jpg,480,640,path,482,217,569,402
path_454.jpg,480,640,path,492,281,625,423
path_486.jpg,480,640,path,25,260,81,420
path_518.jpg,480,640,path,40,161,128,331
path_553.jpg,480,640,path,330,108,414,283
path_585.jpg,480,640,path,413,140,482,332
path_617.jpg,480,640,path,164,351,212,480
path_649.jpg,480,640,path,252,188,348,420
path_9.jpg,480,640,path,97,7,190,162
path_41.jpg,480,640,path,250,206,319,424
path_73.jpg,480,640,path,501,300,635,434
path_105.jpg,480,640,path,211,342,315,449
path_137.jpg,1080,1920,path,1147,881,1276,1064
path_169.jpg,480,640,path,293,0,405,243
path_201.jpg,1080,1920,path,331,499,868,961
path_233.jpg,1080,1920,path,288,330,775,736
path_265.jpg,480,640,path,171,286,315,364
path_297.jpg,480,640,path,75,30,150,295
path_329.jpg,480,640,path,314,208,372,387
path_361.jpg,480,640,path,174,342,301,475
path_393.jpg,480,640,path,230,133,371,236
path_425.jpg,480,640,path,0,122,114,354
path_457.jpg,480,640,path,218,309,320,428
path_489.jpg,480,640,path,74,120,131,300
path_521.jpg,480,640,path,35,144,115,318
path_556.jpg,480,640,path,367,98,455,277
path_588.jpg,480,640,path,279,174,343,373
path_620.jpg,480,640,path,209,252,272,459
path_652.jpg,480,640,path,252,252,350,479
path_12.jpg,480,640,path,137,38,241,204
gate_path_60.jpg,1080,1920,small_gate,416,73,764,488
gate_path_60.jpg,1080,1920,big_gate,740,61,1204,580
gate_path_60.jpg,1080,1920,total_gate,416,61,1209,586
gate_path_60.jpg,1080,1920,path,948,962,1046,1080
gate_path_31.jpg,1080,1920,path,1132,771,1234,863
gate_path_31.jpg,1080,1920,small_gate,577,0,901,394
gate_path_63.jpg,1080,1920,small_gate,563,126,939,534
gate_path_63.jpg,1080,1920,total_gate,559,126,1415,707
path_605.jpg,480,640,path,123,63,225,226
path_637.jpg,480,640,path,217,361,312,470
path_29.jpg,480,640,path,148,1,220,162
path_61.jpg,480,640,path,9,1,98,272
path_93.jpg,480,640,path,217,304,319,419
path_125.jpg,1080,1920,path,427,137,718,784
path_157.jpg,1080,1920,path,740,753,840,861
path_157.jpg,1080,1920,small_gate,250,0,641,270
path_157.jpg,1080,1920,big_gate,609,0,1094,411
path_157.jpg,1080,1920,total_gate,246,0,1098,413
path_172.jpg,480,640,path,273,144,413,399
path_204.jpg,1080,1920,path,320,465,835,956
path_236.jpg,1080,1920,path,291,369,767,761
path_268.jpg,480,640,path,136,195,280,265
path_300.jpg,480,640,path,172,318,253,421
path_332.jpg,480,640,path,64,120,122,295
path_364.jpg,480,640,path,183,319,310,451
path_396.jpg,480,640,path,330,62,456,201
path_428.jpg,480,640,path,0,214,118,447
path_460.jpg,480,640,path,217,310,320,419
path_492.jpg,480,640,path,178,144,231,316
path_524.jpg,480,640,path,21,140,105,321
path_559.jpg,480,640,path,349,97,437,277
path_591.jpg,480,640,path,233,167,306,378
path_623.jpg,480,640,path,188,250,251,458
path_44.jpg,480,640,path,436,261,501,476
path_15.jpg,480,640,path,167,95,281,245
path_76.jpg,480,640,path,464,377,610,461
path_108.jpg,480,640,path,211,349,314,463
path_47.jpg,480,640,path,353,340,452,466
path_140.jpg,1080,1920,path,1190,814,1317,998
path_207.jpg,1080,1920,path,316,472,831,951
path_239.jpg,1080,1920,path,293,407,770,782
path_271.jpg,480,640,path,266,0,382,236
path_79.jpg,480,640,path,331,300,389,477
path_303.jpg,480,640,path,207,259,295,353
path_335.jpg,480,640,path,345,143,409,326
path_367.jpg,480,640,path,116,206,235,350
path_111.jpg,480,640,path,214,369,324,480
path_399.jpg,480,640,path,388,82,493,229
path_18.jpg,480,640,path,205,128,321,273
path_50.jpg,480,640,path,179,330,257,461
path_143.jpg,1080,1920,path,1204,765,1345,963
path_82.jpg,1080,1920,path,606,780,704,1010
path_114.jpg,1080,1920,path,443,141,726,797
path_146.jpg,1080,1920,path,1239,767,1365,966
path_175.jpg,480,640,path,167,190,304,423
path_178.jpg,480,640,path,352,135,417,322
path_210.jpg,1080,1920,path,302,462,822,960
path_242.jpg,1080,1920,path,285,380,744,751
path_431.jpg,480,640,path,330,0,428,193
path_274.jpg,480,640,path,271,151,389,393
path_306.jpg,480,640,path,155,70,249,246
path_338.jpg,480,640,path,350,152,418,338
path_370.jpg,480,640,path,79,371,218,480
path_402.jpg,480,640,path,391,74,479,232
path_434.jpg,480,640,path,213,328,289,454
path_463.jpg,480,640,path,217,325,322,433
path_466.jpg,480,640,path,216,322,323,429
path_498.jpg,480,640,path,304,14,353,183
path_530.jpg,480,640,path,226,119,288,318
path_565.jpg,480,640,path,451,74,539,257
path_597.jpg,480,640,path,289,13,356,209
path_495.jpg,480,640,path,309,50,358,218
path_629.jpg,480,640,path,413,202,478,421
path_527.jpg,480,640,path,239,139,294,336
path_21.jpg,480,640,path,214,0,317,172
path_53.jpg,480,640,path,214,321,291,449
path_562.jpg,480,640,path,391,77,473,256
path_85.jpg,1080,1920,path,631,802,736,1051
path_117.jpg,1080,1920,path,438,151,721,795
path_149.jpg,1080,1920,path,1236,762,1368,962
path_594.jpg,480,640,path,297,100,379,318
path_181.jpg,1080,1920,path,381,342,801,902
path_626.jpg,480,640,path,270,175,358,405
path_213.jpg,1080,1920,path,289,340,803,809
path_245.jpg,1080,1920,path,286,371,720,728
path_277.jpg,480,640,path,46,294,194,477
path_501.jpg,480,640,path,280,11,332,177
path_309.jpg,480,640,path,76,29,165,206
path_533.jpg,480,640,path,232,77,299,266
path_568.jpg,480,640,path,436,25,525,206
path_600.jpg,480,640,path,223,12,295,199
path_341.jpg,480,640,path,343,152,412,334
path_632.jpg,480,640,path,220,348,320,459
path_24.jpg,480,640,path,309,22,385,211
path_56.jpg,480,640,path,168,325,245,444
path_373.jpg,480,640,path,168,400,309,480
path_88.jpg,480,640,path,265,331,349,480
path_405.jpg,480,640,path,69,317,200,435
path_120.jpg,1080,1920,path,441,145,725,791
path_152.jpg,1080,1920,path,1134,685,1262,866
path_184.jpg,1080,1920,path,370,514,900,973
path_216.jpg,1080,1920,path,285,271,780,729
path_437.jpg,480,640,path,180,327,256,451
path_248.jpg,1080,1920,path,408,94,872,458
path_280.jpg,480,640,path,292,104,403,365
path_469.jpg,480,640,path,210,312,314,415
path_536.jpg,480,640,path,221,96,300,279
path_571.jpg,480,640,path,362,4,445,184
path_312.jpg,480,640,path,111,0,218,178
path_603.jpg,480,640,path,149,0,225,174
path_635.jpg,480,640,path,215,347,312,456
path_27.jpg,480,640,path,150,0,226,147
path_59.jpg,480,640,path,11,258,89,372
path_91.jpg,480,640,path,225,321,328,443
path_123.jpg,1080,1920,path,431,143,715,783
path_344.jpg,480,640,path,344,160,411,342
path_155.jpg,1080,1920,path,760,791,855,908
path_187.jpg,1080,1920,path,383,607,955,998
path_376.jpg,480,640,path,237,251,351,403
path_219.jpg,1080,1920,path,286,324,748,774
path_408.jpg,480,640,path,153,351,300,422
path_251.jpg,1080,1920,path,428,107,892,466
path_283.jpg,480,640,path,0,98,110,335
path_440.jpg,480,640,path,109,323,180,440
path_315.jpg,480,640,path,154,68,262,225
path_347.jpg,480,640,path,343,176,410,352
path_472.jpg,480,640,path,207,316,309,425
path_379.jpg,480,640,path,331,237,411,425
path_411.jpg,480,640,path,272,256,409,357
path_504.jpg,480,640,path,237,38,307,224
path_443.jpg,480,640,path,75,47,146,296
path_574.jpg,480,640,path,235,29,323,201
path_475.jpg,480,640,path,208,335,309,441
path_507.jpg,480,640,path,205,113,271,266
path_606.jpg,480,640,path,143,66,244,224
path_539.jpg,480,640,path,202,17,290,191
path_158.jpg,1080,1920,path,736,736,840,850
path_638.jpg,480,640,path,141,298,239,415
path_190.jpg,1080,1920,path,385,599,945,994
path_30.jpg,480,640,path,142,0,218,175
path_222.jpg,1080,1920,path,285,393,730,833
path_254.jpg,1080,1920,path,383,348,851,688
path_62.jpg,480,640,path,52,0,134,280
path_286.jpg,480,640,path,267,176,412,415
path_318.jpg,480,640,path,170,98,288,248
path_94.jpg,480,640,path,211,311,322,432
path_350.jpg,480,640,path,338,177,404,356
path_126.jpg,1080,1920,path,434,134,722,779
path_609.jpg,480,640,path,143,5,213,196
path_641.jpg,480,640,path,134,332,242,446
path_382.jpg,480,640,path,287,277,365,476
path_1.jpg,480,640,path,255,16,342,192
path_414.jpg,480,640,path,437,250,562,405
path_33.jpg,480,640,path,170,53,238,244
path_446.jpg,480,640,path,144,85,244,325
path_65.jpg,480,640,path,79,60,151,302
path_97.jpg,480,640,path,218,327,322,430
path_478.jpg,480,640,path,209,203,312,291
path_129.jpg,1080,1920,path,421,140,706,778
path_510.jpg,480,640,path,129,281,244,412
path_161.jpg,480,640,path,238,0,510,468
path_542.jpg,480,640,path,227,0,349,164
path_193.jpg,1080,1920,path,359,563,916,984
path_225.jpg,1080,1920,path,285,402,728,823
path_577.jpg,480,640,path,209,15,302,180
path_257.jpg,1080,1920,path,311,535,783,889
path_385.jpg,480,640,path,124,182,268,257
path_289.jpg,480,640,path,313,9,388,198
path_321.jpg,480,640,path,188,125,307,271
path_353.jpg,480,640,path,336,190,405,370
path_417.jpg,480,640,path,450,200,584,395
path_580.jpg,480,640,path,482,184,560,369
path_449.jpg,480,640,path,259,77,343,306
path_612.jpg,480,640,path,169,54,238,244
path_644.jpg,480,640,path,253,21,350,256
path_4.jpg,480,640,path,97,88,184,267
path_513.jpg,480,640,path,324,215,401,391
path_36.jpg,480,640,path,164,284,225,479
path_545.jpg,480,640,path,255,12,380,182
path_68.jpg,480,640,path,259,80,319,307
path_548.jpg,480,640,path,277,7,382,170
path_100.jpg,480,640,path,211,310,315,415
path_356.jpg,480,640,path,180,333,303,461
path_132.jpg,1080,1920,path,364,170,718,816
path_388.jpg,480,640,path,132,150,274,235
path_420.jpg,480,640,path,467,233,564,406
path_164.jpg,480,640,path,233,0,506,480
path_452.jpg,480,640,path,440,171,520,371
path_196.jpg,1080,1920,path,327,552,892,1015
path_484.jpg,480,640,path,54,209,106,367
path_516.jpg,480,640,path,33,144,118,311
path_228.jpg,1080,1920,path,290,355,744,790
path_551.jpg,480,640,path,324,30,408,207
path_583.jpg,480,640,path,451,108,525,299
path_260.jpg,480,640,path,183,323,309,451
path_615.jpg,480,640,path,185,304,251,480
path_647.jpg,480,640,path,251,102,350,337
path_292.jpg,480,640,path,179,312,260,450
path_7.jpg,480,640,path,76,10,163,184
path_39.jpg,480,640,path,188,246,250,456
path_324.jpg,480,640,path,220,102,341,256
path_71.jpg,480,640,path,474,226,584,393
path_135.jpg,1080,1920,path,401,288,781,882
path_103.jpg,480,640,path,198,329,305,437
path_359.jpg,480,640,path,178,356,301,480
path_167.jpg,480,640,path,222,113,369,357
path_391.jpg,480,640,path,193,139,334,231
path_199.jpg,1080,1920,path,324,491,888,982
path_423.jpg,480,640,path,484,200,565,385
path_231.jpg,1080,1920,path,279,304,760,738
path_455.jpg,480,640,path,234,325,336,447
path_263.jpg,480,640,path,114,118,250,280
path_487.jpg,480,640,path,0,335,55,480
path_519.jpg,480,640,path,36,147,123,315
path_295.jpg,480,640,path,58,0,144,278
path_554.jpg,480,640,path,342,102,428,286
path_138.jpg,1080,1920,path,1154,854,1289,1040
path_327.jpg,480,640,path,303,210,362,390
path_170.jpg,480,640,path,269,91,410,343
path_202.jpg,1080,1920,path,324,500,858,964
path_586.jpg,480,640,path,362,174,449,370
path_234.jpg,1080,1920,path,291,336,774,736
path_618.jpg,480,640,path,139,294,218,480
path_266.jpg,480,640,path,162,252,307,333
path_650.jpg,480,640,path,255,206,350,433
path_298.jpg,480,640,path,246,336,348,464
path_330.jpg,480,640,path,300,146,361,319
path_10.jpg,480,640,path,110,0,205,166
path_362.jpg,480,640,path,175,335,300,469
path_42.jpg,480,640,path,325,172,395,394
path_394.jpg,480,640,path,274,102,406,220
path_426.jpg,480,640,path,0,137,119,374
path_458.jpg,480,640,path,214,303,320,422
path_74.jpg,480,640,path,482,433,633,480
path_490.jpg,480,640,path,86,128,139,305
path_106.jpg,480,640,path,215,348,318,455
path_522.jpg,480,640,path,31,143,114,318
path_557.jpg,480,640,path,362,109,450,289
path_589.jpg,480,640,path,240,170,318,375
path_173.jpg,480,640,path,267,12,361,195
path_205.jpg,1080,1920,path,322,473,835,949
path_621.jpg,480,640,path,210,243,272,449
path_237.jpg,1080,1920,path,287,399,766,773
path_269.jpg,480,640,path,247,67,360,309
path_13.jpg,480,640,path,147,52,253,219
path_301.jpg,480,640,path,182,301,262,405
path_45.jpg,480,640,path,410,349,525,480
path_333.jpg,480,640,path,353,141,414,328
path_365.jpg,480,640,path,182,312,311,441
path_77.jpg,480,640,path,455,369,610,478
path_397.jpg,480,640,path,356,70,469,207
path_429.jpg,480,640,path,4,259,127,480
path_109.jpg,480,640,path,214,348,312,460
path_461.jpg,480,640,path,216,314,318,424
path_141.jpg,1080,1920,path,1204,800,1327,983
path_493.jpg,480,640,path,278,135,331,313
path_525.jpg,480,640,path,26,151,107,328
path_624.jpg,480,640,path,178,226,253,447
path_560.jpg,480,640,path,354,78,439,264
path_16.jpg,480,640,path,173,102,291,252
path_592.jpg,480,640,path,256,177,318,374
path_208.jpg,1080,1920,path,310,469,822,945
path_48.jpg,480,640,path,246,354,344,480
path_240.jpg,1080,1920,path,295,391,767,766
path_80.jpg,1080,1920,path,587,771,692,996
path_112.jpg,1080,1920,path,413,141,723,796
path_144.jpg,1080,1920,path,1232,770,1355,959
path_176.jpg,480,640,path,161,228,307,456
path_432.jpg,480,640,path,199,289,282,426
path_272.jpg,480,640,path,256,62,369,312
path_464.jpg,480,640,path,217,330,324,435
path_304.jpg,480,640,path,239,23,330,199
path_336.jpg,480,640,path,347,150,411,331
path_496.jpg,480,640,path,281,0,344,120
path_368.jpg,480,640,path,109,292,235,428
path_400.jpg,480,640,path,392,87,494,241
path_528.jpg,480,640,path,236,120,289,318
path_19.jpg,480,640,path,225,95,340,249
path_51.jpg,480,640,path,196,298,274,427
path_83.jpg,1080,1920,path,614,797,713,1025
path_115.jpg,1080,1920,path,444,150,721,791
path_147.jpg,1080,1920,path,1238,768,1366,961
path_179.jpg,480,640,path,353,141,415,325
path_211.jpg,1080,1920,path,298,440,829,917
path_467.jpg,480,640,path,212,321,321,428
path_499.jpg,480,640,path,282,18,333,184
path_531.jpg,480,640,path,248,92,312,285
path_566.jpg,480,640,path,464,17,557,194
path_563.jpg,480,640,path,410,72,492,251
path_598.jpg,480,640,path,272,14,338,203
path_595.jpg,480,640,path,331,87,386,282
path_630.jpg,480,640,path,426,228,491,444
path_627.jpg,480,640,path,328,173,393,393
path_22.jpg,1080,1920,path,572,767,676,1004
path_54.jpg,480,640,path,209,344,285,467
path_243.jpg,1080,1920,path,290,375,736,756
path_86.jpg,1080,1920,path,664,817,764,1055
path_275.jpg,480,640,path,271,196,392,440
path_118.jpg,1080,1920,path,439,150,733,793
path_150.jpg,1080,1920,path,1226,737,1356,934
path_307.jpg,480,640,path,109,95,199,272
path_182.jpg,1080,1920,path,358,369,815,909
path_214.jpg,1080,1920,path,285,300,801,766
path_339.jpg,480,640,path,344,153,415,338
path_246.jpg,1080,1920,path,286,294,741,652
path_278.jpg,480,640,path,46,8,134,170
path_371.jpg,480,640,path,146,422,303,480
path_310.jpg,480,640,path,77,12,164,186
path_342.jpg,480,640,path,347,154,411,337
path_374.jpg,480,640,path,170,366,307,474
path_403.jpg,480,640,path,386,0,480,173
path_406.jpg,480,640,path,120,386,266,471
path_438.jpg,480,640,path,143,320,218,442
path_435.jpg,480,640,path,209,343,288,471
path_470.jpg,480,640,path,206,310,310,418
path_89.jpg,480,640,path,254,349,351,475
path_502.jpg,480,640,path,262,31,317,203
path_534.jpg,480,640,path,215,113,285,303
path_121.jpg,1080,1920,path,441,148,719,785
path_569.jpg,480,640,path,397,25,493,213
path_601.jpg,480,640,path,202,9,277,198
path_153.jpg,1080,1920,big_gate,722,0,1194,489
path_153.jpg,1080,1920,path,807,832,913,956
path_633.jpg,480,640,path,214,351,319,464
path_185.jpg,1080,1920,path,387,576,938,990
path_25.jpg,480,640,path,287,50,379,246
path_217.jpg,1080,1920,path,286,280,765,734
path_249.jpg,1080,1920,path,433,78,894,439
path_57.jpg,480,640,path,109,318,184,440
path_281.jpg,480,640,path,297,183,410,445
path_313.jpg,480,640,path,132,26,236,197
path_537.jpg,480,640,path,216,63,296,241
path_572.jpg,480,640,path,330,6,409,188
path_345.jpg,480,640,path,344,167,414,350
path_604.jpg,480,640,path,101,49,201,210
path_636.jpg,480,640,path,214,348,313,458
path_377.jpg,480,640,path,290,261,387,430
path_28.jpg,480,640,path,145,0,223,150
path_60.jpg,480,640,path,5,234,85,350
path_409.jpg,480,640,path,181,324,334,410
path_92.jpg,480,640,path,219,310,319,428
path_124.jpg,1080,1920,path,434,142,718,785
path_441.jpg,480,640,path,73,324,147,447
path_156.jpg,1080,1920,path,740,760,842,874
path_473.jpg,480,640,path,199,329,303,455
path_188.jpg,1080,1920,path,377,607,949,1005
path_220.jpg,1080,1920,path,285,343,745,784
path_505.jpg,480,640,path,235,63,302,234
path_252.jpg,1080,1920,path,423,182,880,530
path_348.jpg,480,640,path,340,172,410,354
path_284.jpg,480,640,path,6,76,110,325
path_380.jpg,480,640,path,297,218,386,417
path_316.jpg,480,640,path,159,85,272,241
path_412.jpg,480,640,path,342,261,478,387
path_575.jpg,480,640,path,228,12,314,186
path_607.jpg,480,640,path,151,40,252,201
path_444.jpg,480,640,path,84,62,159,305
path_639.jpg,480,640,path,140,307,240,426
path_31.jpg,480,640,path,145,14,215,203
path_476.jpg,480,640,path,209,341,314,447
path_63.jpg,480,640,path,67,12,146,284
path_508.jpg,480,640,path,181,104,267,271
path_95.jpg,480,640,path,213,321,321,429
path_540.jpg,480,640,path,181,2,275,171
path_127.jpg,1080,1920,path,429,143,712,780
path_383.jpg,480,640,path,286,273,348,472
path_415.jpg,480,640,path,460,232,572,393
path_447.jpg,480,640,path,195,94,263,321
path_159.jpg,1080,1920,path,737,712,853,842
path_479.jpg,480,640,path,203,157,308,228
path_191.jpg,1080,1920,path,376,591,932,988
path_511.jpg,480,640,path,334,192,410,373
path_543.jpg,480,640,path,262,18,372,181
path_223.jpg,1080,1920,path,286,396,721,844
path_578.jpg,480,640,path,202,7,297,175
path_255.jpg,1080,1920,path,373,408,831,754
path_610.jpg,480,640,path,146,18,219,212
path_642.jpg,480,640,path,121,334,239,450
path_287.jpg,480,640,path,268,206,407,442
path_2.jpg,480,640,path,192,40,287,220
path_319.jpg,480,640,path,150,107,295,268
path_34.jpg,480,640,path,177,113,245,308
path_351.jpg,480,640,path,324,184,401,375
path_66.jpg,480,640,path,125,77,199,315
path_98.jpg,480,640,path,214,324,324,431
path_162.jpg,480,640,path,202,0,508,480
path_130.jpg,1080,1920,path,419,139,713,787
path_194.jpg,1080,1920,path,359,565,906,978
path_386.jpg,480,640,path,109,167,253,247
path_226.jpg,1080,1920,path,287,392,731,814
path_418.jpg,480,640,path,455,229,556,398
path_450.jpg,480,640,path,335,102,402,319
path_258.jpg,1080,1920,path,288,559,749,965
path_482.jpg,480,640,path,211,3,316,173
path_514.jpg,480,640,path,22,56,111,228
path_290.jpg,480,640,path,303,39,379,231
path_546.jpg,480,640,path,262,43,365,203
path_549.jpg,480,640,path,285,5,388,164
path_322.jpg,480,640,path,180,128,316,277
path_133.jpg,1080,1920,path,415,211,732,840
path_354.jpg,480,640,path,333,198,402,377
path_581.jpg,480,640,path,477,162,553,351
path_165.jpg,480,640,path,228,0,505,480
path_613.jpg,480,640,path,174,86,240,274
path_197.jpg,1080,1920,path,348,540,895,973
path_645.jpg,480,640,path,250,51,345,284
path_229.jpg,1080,1920,path,285,346,754,757
path_5.jpg,480,640,path,83,53,165,228
path_261.jpg,480,640,path,181,331,303,456
path_293.jpg,480,640,path,199,296,272,429
path_325.jpg,480,640,path,229,78,341,231
path_37.jpg,480,640,path,199,258,269,468
path_357.jpg,480,640,path,177,345,302,475
path_69.jpg,480,640,path,357,114,425,326
path_389.jpg,480,640,path,163,142,305,230
path_421.jpg,480,640,path,482,227,567,406
path_101.jpg,480,640,path,211,313,310,416
path_453.jpg,480,640,path,476,237,596,397
path_584.jpg,480,640,path,442,106,508,295
path_485.jpg,480,640,path,24,274,79,417
path_517.jpg,480,640,path,34,148,124,321
path_616.jpg,480,640,path,183,342,259,480
path_552.jpg,480,640,path,330,70,414,247
path_136.jpg,1080,1920,path,398,319,797,892
path_648.jpg,480,640,path,252,155,352,397
path_168.jpg,480,640,path,297,29,407,271
path_8.jpg,480,640,path,81,0,175,172
path_200.jpg,1080,1920,path,342,521,878,969
path_40.jpg,480,640,path,186,234,253,453
path_232.jpg,1080,1920,path,285,332,768,728
path_72.jpg,480,640,path,482,249,606,405
path_264.jpg,480,640,path,178,325,320,405
path_104.jpg,480,640,path,203,329,309,442
path_296.jpg,480,640,path,71,22,147,287
path_360.jpg,480,640,path,173,348,299,480
path_328.jpg,480,640,path,306,211,361,389
path_392.jpg,480,640,path,216,135,355,234
path_587.jpg,480,640,path,321,196,386,391
path_424.jpg,480,640,path,280,58,415,287
path_619.jpg,480,640,path,198,263,258,467
path_651.jpg,480,640,path,254,231,347,452
path_456.jpg,480,640,path,221,315,329,444
path_11.jpg,480,640,path,128,18,229,188
path_488.jpg,480,640,path,63,117,122,300
path_43.jpg,480,640,path,415,205,479,423
path_520.jpg,480,640,path,39,153,123,324
path_75.jpg,480,640,path,467,400,615,480
path_107.jpg,480,640,path,218,350,321,460
path_555.jpg,480,640,path,361,88,448,270
path_363.jpg,480,640,path,178,329,304,459
path_395.jpg,480,640,path,320,72,445,201
path_139.jpg,1080,1920,path,1173,824,1303,1020
path_427.jpg,480,640,path,0,165,121,397
path_171.jpg,480,640,path,270,125,412,383
path_459.jpg,480,640,path,217,304,319,416
path_491.jpg,480,640,path,97,131,152,309
path_203.jpg,1080,1920,path,316,486,856,982
path_523.jpg,480,640,path,28,147,109,319
path_235.jpg,1080,1920,path,290,347,778,748
path_558.jpg,480,640,path,355,111,440,294
path_590.jpg,480,640,path,239,173,304,369
path_267.jpg,480,640,path,143,211,290,285
path_299.jpg,480,640,path,236,328,341,454
path_622.jpg,480,640,path,193,241,255,451
path_331.jpg,480,640,path,51,113,112,287
path_174.jpg,480,640,path,250,10,343,195
path_14.jpg,480,640,path,152,68,262,226
path_46.jpg,480,640,path,403,331,503,463
path_206.jpg,1080,1920,path,316,473,833,955
path_78.jpg,480,640,path,484,392,620,480
path_238.jpg,1080,1920,path,292,404,763,791
path_110.jpg,480,640,path,213,359,313,470
path_270.jpg,480,640,path,255,2,377,251
path_302.jpg,480,640,path,186,288,271,399
path_142.jpg,1080,1920,path,1211,783,1337,969
path_334.jpg,480,640,path,348,140,414,327
path_398.jpg,480,640,path,382,77,487,222
path_366.jpg,480,640,path,133,176,251,322
path_430.jpg,480,640,path,337,17,414,209
path_625.jpg,480,640,path,231,212,299,436
path_462.jpg,480,640,path,214,319,321,428
path_17.jpg,480,640,path,188,125,308,272
path_494.jpg,480,640,path,310,114,358,289
path_49.jpg,480,640,path,239,303,328,441
path_81.jpg,1080,1920,path,597,776,702,1007
path_526.jpg,480,640,path,256,189,313,384
path_561.jpg,480,640,path,364,73,448,251
path_113.jpg,1080,1920,path,442,150,729,799
path_593.jpg,480,640,path,293,152,355,347
path_145.jpg,1080,1920,path,1234,768,1362,966
path_209.jpg,1080,1920,path,310,474,822,946
path_177.jpg,480,640,path,354,132,419,321
path_241.jpg,1080,1920,path,290,390,760,753
path_433.jpg,480,640,path,216,301,292,437
path_273.jpg,480,640,path,258,94,377,340
path_305.jpg,480,640,path,210,32,302,209
path_465.jpg,480,640,path,219,327,323,438
path_337.jpg,480,640,path,352,156,415,339
path_497.jpg,480,640,path,309,0,356,121
path_369.jpg,480,640,path,102,328,230,461
path_529.jpg,480,640,path,231,116,285,309
path_401.jpg,480,640,path,392,89,487,243
path_564.jpg,480,640,path,432,69,515,249
path_20.jpg,480,640,path,227,49,336,210
path_52.jpg,480,640,path,210,295,283,422
path_596.jpg,480,640,path,314,37,380,234
path_84.jpg,1080,1920,path,622,809,720,1042
path_628.jpg,480,640,path,367,174,451,398
path_116.jpg,1080,1920,path,442,154,724,790
path_244.jpg,1080,1920,path,285,361,728,751
path_148.jpg,1080,1920,path,1243,766,1373,962
path_180.jpg,1080,1920,path,393,335,794,900
path_276.jpg,480,640,path,34,240,185,430
path_212.jpg,1080,1920,path,303,420,810,897
path_308.jpg,480,640,path,80,50,167,232
path_468.jpg,480,640,path,214,319,317,422
path_340.jpg,480,640,path,342,150,414,335
path_500.jpg,480,640,path,280,4,330,171
path_372.jpg,480,640,path,154,399,313,480
path_532.jpg,480,640,path,246,74,311,266
path_404.jpg,480,640,path,1,245,126,383
path_567.jpg,480,640,path,458,8,544,185
path_599.jpg,480,640,path,248,13,320,205
path_436.jpg,480,640,path,203,338,285,470
path_631.jpg,480,640,path,217,347,318,453
path_55.jpg,480,640,path,200,335,276,461
path_23.jpg,1080,1920,path,589,769,691,994
path_87.jpg,480,640,path,279,324,356,480
path_279.jpg,480,640,path,12,31,107,189
path_311.jpg,480,640,path,91,0,182,164
path_343.jpg,480,640,path,346,159,415,345
path_375.jpg,480,640,path,187,315,316,442
path_119.jpg,1080,1920,path,441,146,729,796
path_407.jpg,480,640,path,127,374,275,456
path_439.jpg,480,640,path,126,317,197,433
path_471.jpg,480,640,path,209,310,311,416
path_503.jpg,480,640,path,253,37,307,202
path_151.jpg,1080,1920,path,1193,716,1323,906
path_535.jpg,480,640,path,217,122,293,305
path_183.jpg,1080,1920,path,357,470,869,967
path_215.jpg,1080,1920,path,285,237,788,736
path_247.jpg,1080,1920,path,344,170,814,547
